Session,Point Number,Date,Time (Dusttrak),Time (Real),PM1,PM2.5,RESP,PM10,TOTAL
1,Units,dd/MM/yyyy,hh:mm:ss,hh:mm:ss,mg/m^3,mg/m^3,mg/m^3,mg/m^3,mg/m^3
1,8,12/3/2025,7:58:53,8:18:53,0.022,0.022,0.023,0.029,0.029
1,8,12/3/2025,7:58:55,8:18:55,0.014,0.014,0.015,0.017,0.017
1,8,12/3/2025,7:58:57,8:18:57,0.017,0.017,0.019,0.022,0.022
1,8,12/3/2025,7:58:59,8:18:59,0.017,0.017,0.019,0.02,0.02
1,8,12/3/2025,7:59:01,8:19:01,0.02,0.02,0.022,0.027,0.028
1,8,12/3/2025,7:59:03,8:19:03,0.024,0.024,0.027,0.031,0.044
1,8,12/3/2025,7:59:05,8:19:05,0.026,0.026,0.028,0.03,0.07
1,8,12/3/2025,7:59:07,8:19:07,0.021,0.022,0.023,0.025,0.042
1,8,12/3/2025,7:59:09,8:19:09,0.019,0.019,0.02,0.021,0.021
1,8,12/3/2025,7:59:11,8:19:11,0.023,0.023,0.024,0.026,0.027
1,8,12/3/2025,7:59:13,8:19:13,0.023,0.023,0.025,0.031,0.041
1,8,12/3/2025,7:59:15,8:19:15,0.021,0.021,0.024,0.035,0.044
1,8,12/3/2025,7:59:17,8:19:17,0.022,0.022,0.024,0.03,0.03
1,8,12/3/2025,7:59:19,8:19:19,0.02,0.02,0.022,0.026,0.026
1,8,12/3/2025,7:59:21,8:19:21,0.018,0.018,0.019,0.02,0.02
1,8,12/3/2025,7:59:23,8:19:23,0.02,0.021,0.022,0.025,0.025
1,8,12/3/2025,7:59:25,8:19:25,0.019,0.019,0.021,0.022,0.022
1,8,12/3/2025,7:59:27,8:19:27,0.019,0.019,0.021,0.025,0.025
1,8,12/3/2025,7:59:29,8:19:29,0.02,0.021,0.021,0.023,0.023
1,8,12/3/2025,7:59:31,8:19:31,0.02,0.021,0.022,0.024,0.024
1,8,12/3/2025,7:59:33,8:19:33,0.021,0.021,0.023,0.024,0.024
1,8,12/3/2025,7:59:35,8:19:35,0.018,0.018,0.019,0.021,0.021
1,8,12/3/2025,7:59:37,8:19:37,0.018,0.018,0.018,0.022,0.022
1,8,12/3/2025,7:59:39,8:19:39,0.023,0.024,0.024,0.027,0.027
1,8,12/3/2025,7:59:41,8:19:41,0.02,0.021,0.022,0.025,0.027
1,8,12/3/2025,7:59:43,8:19:43,0.022,0.022,0.024,0.028,0.073
1,8,12/3/2025,7:59:45,8:19:45,0.021,0.021,0.023,0.025,0.025
1,8,12/3/2025,7:59:47,8:19:47,0.023,0.023,0.025,0.028,0.028
1,8,12/3/2025,7:59:49,8:19:49,0.025,0.025,0.026,0.028,0.028
1,8,12/3/2025,7:59:51,8:19:51,0.028,0.029,0.031,0.035,0.035
1,13,12/3/2025,8:02:25,8:22:25,0.015,0.016,0.016,0.02,0.02
1,13,12/3/2025,8:02:27,8:22:27,0.017,0.018,0.019,0.022,0.022
1,13,12/3/2025,8:02:29,8:22:29,0.018,0.018,0.02,0.021,0.021
1,13,12/3/2025,8:02:31,8:22:31,0.019,0.019,0.02,0.023,0.023
1,13,12/3/2025,8:02:33,8:22:33,0.019,0.019,0.02,0.025,0.025
1,13,12/3/2025,8:02:35,8:22:35,0.017,0.018,0.019,0.02,0.02
1,13,12/3/2025,8:02:37,8:22:37,0.018,0.018,0.019,0.019,0.019
1,13,12/3/2025,8:02:39,8:22:39,0.017,0.017,0.019,0.02,0.02
1,13,12/3/2025,8:02:41,8:22:41,0.016,0.016,0.017,0.017,0.017
1,13,12/3/2025,8:02:43,8:22:43,0.017,0.018,0.019,0.022,0.022
1,13,12/3/2025,8:02:45,8:22:45,0.017,0.017,0.018,0.021,0.021
1,13,12/3/2025,8:02:47,8:22:47,0.018,0.018,0.019,0.021,0.021
1,13,12/3/2025,8:02:49,8:22:49,0.018,0.018,0.019,0.02,0.02
1,13,12/3/2025,8:02:51,8:22:51,0.019,0.019,0.022,0.024,0.024
1,13,12/3/2025,8:02:53,8:22:53,0.017,0.018,0.02,0.02,0.02
1,13,12/3/2025,8:02:55,8:22:55,0.018,0.018,0.019,0.02,0.02
1,13,12/3/2025,8:02:57,8:22:57,0.017,0.017,0.018,0.022,0.022
1,13,12/3/2025,8:02:59,8:22:59,0.017,0.017,0.018,0.019,0.019
1,13,12/3/2025,8:03:01,8:23:01,0.018,0.019,0.02,0.022,0.022
1,13,12/3/2025,8:03:03,8:23:03,0.018,0.019,0.02,0.023,0.023
1,13,12/3/2025,8:03:05,8:23:05,0.017,0.017,0.019,0.02,0.02
1,13,12/3/2025,8:03:07,8:23:07,0.02,0.02,0.022,0.026,0.026
1,13,12/3/2025,8:03:09,8:23:09,0.018,0.019,0.02,0.022,0.022
1,13,12/3/2025,8:03:11,8:23:11,0.019,0.019,0.021,0.024,0.024
1,13,12/3/2025,8:03:13,8:23:13,0.018,0.018,0.02,0.024,0.024
1,13,12/3/2025,8:03:15,8:23:15,0.019,0.019,0.02,0.022,0.022
1,13,12/3/2025,8:03:17,8:23:17,0.017,0.017,0.018,0.024,0.024
1,13,12/3/2025,8:03:19,8:23:19,0.02,0.021,0.022,0.024,0.024
1,13,12/3/2025,8:03:21,8:23:21,0.018,0.018,0.02,0.02,0.02
1,13,12/3/2025,8:03:23,8:23:23,0.018,0.018,0.019,0.021,0.021
1,17,12/3/2025,8:05:21,8:25:21,0.016,0.016,0.018,0.019,0.019
1,17,12/3/2025,8:05:23,8:25:23,0.018,0.018,0.02,0.021,0.021
1,17,12/3/2025,8:05:25,8:25:25,0.018,0.018,0.02,0.025,0.025
1,17,12/3/2025,8:05:27,8:25:27,0.017,0.018,0.019,0.021,0.021
1,17,12/3/2025,8:05:29,8:25:29,0.017,0.017,0.019,0.02,0.02
1,17,12/3/2025,8:05:31,8:25:31,0.016,0.017,0.018,0.019,0.019
1,17,12/3/2025,8:05:33,8:25:33,0.017,0.017,0.018,0.019,0.019
1,17,12/3/2025,8:05:35,8:25:35,0.017,0.017,0.017,0.018,0.018
1,17,12/3/2025,8:05:37,8:25:37,0.017,0.018,0.019,0.02,0.02
1,17,12/3/2025,8:05:39,8:25:39,0.018,0.018,0.019,0.02,0.02
1,17,12/3/2025,8:05:41,8:25:41,0.02,0.02,0.021,0.024,0.024
1,17,12/3/2025,8:05:43,8:25:43,0.019,0.019,0.02,0.022,0.022
1,17,12/3/2025,8:05:45,8:25:45,0.019,0.02,0.022,0.027,0.027
1,17,12/3/2025,8:05:47,8:25:47,0.042,0.042,0.043,0.045,0.083
1,17,12/3/2025,8:05:49,8:25:49,0.02,0.02,0.022,0.024,0.041
1,17,12/3/2025,8:05:51,8:25:51,0.019,0.019,0.02,0.02,0.02
1,17,12/3/2025,8:05:53,8:25:53,0.019,0.019,0.02,0.024,0.024
1,17,12/3/2025,8:05:55,8:25:55,0.018,0.019,0.02,0.025,0.025
1,17,12/3/2025,8:05:57,8:25:57,0.018,0.018,0.019,0.029,0.029
1,17,12/3/2025,8:05:59,8:25:59,0.018,0.018,0.019,0.021,0.021
1,17,12/3/2025,8:06:01,8:26:01,0.02,0.02,0.021,0.024,0.024
1,17,12/3/2025,8:06:03,8:26:03,0.018,0.018,0.02,0.025,0.025
1,17,12/3/2025,8:06:05,8:26:05,0.016,0.016,0.017,0.018,0.018
1,17,12/3/2025,8:06:07,8:26:07,0.019,0.019,0.02,0.021,0.021
1,17,12/3/2025,8:06:09,8:26:09,0.02,0.02,0.021,0.023,0.023
1,17,12/3/2025,8:06:11,8:26:11,0.022,0.022,0.024,0.024,0.024
1,17,12/3/2025,8:06:13,8:26:13,0.021,0.022,0.023,0.027,0.027
1,17,12/3/2025,8:06:15,8:26:15,0.02,0.021,0.022,0.027,0.027
1,17,12/3/2025,8:06:17,8:26:17,0.021,0.021,0.023,0.026,0.026
1,17,12/3/2025,8:06:19,8:26:19,0.02,0.02,0.022,0.022,0.022
1,20,12/3/2025,8:09:08,8:29:08,0.015,0.015,0.018,0.019,0.019
1,20,12/3/2025,8:09:10,8:29:10,0.014,0.015,0.016,0.016,0.016
1,20,12/3/2025,8:09:12,8:29:12,0.018,0.018,0.018,0.019,0.02
1,20,12/3/2025,8:09:14,8:29:14,0.017,0.017,0.019,0.02,0.036
1,20,12/3/2025,8:09:16,8:29:16,0.016,0.016,0.018,0.021,0.021
1,20,12/3/2025,8:09:18,8:29:18,0.018,0.019,0.02,0.021,0.021
1,20,12/3/2025,8:09:20,8:29:20,0.018,0.018,0.02,0.022,0.022
1,20,12/3/2025,8:09:22,8:29:22,0.018,0.018,0.02,0.027,0.027
1,20,12/3/2025,8:09:24,8:29:24,0.018,0.019,0.021,0.023,0.023
1,20,12/3/2025,8:09:26,8:29:26,0.021,0.021,0.023,0.028,0.028
1,20,12/3/2025,8:09:28,8:29:28,0.017,0.018,0.019,0.023,0.023
1,20,12/3/2025,8:09:30,8:29:30,0.018,0.018,0.019,0.02,0.02
1,20,12/3/2025,8:09:32,8:29:32,0.019,0.019,0.021,0.025,0.025
1,20,12/3/2025,8:09:34,8:29:34,0.017,0.017,0.019,0.019,0.019
1,20,12/3/2025,8:09:36,8:29:36,0.018,0.018,0.019,0.02,0.02
1,20,12/3/2025,8:09:38,8:29:38,0.019,0.019,0.02,0.026,0.026
1,20,12/3/2025,8:09:40,8:29:40,0.019,0.019,0.021,0.024,0.024
1,20,12/3/2025,8:09:42,8:29:42,0.019,0.019,0.02,0.025,0.025
1,20,12/3/2025,8:09:44,8:29:44,0.018,0.018,0.02,0.024,0.024
1,20,12/3/2025,8:09:46,8:29:46,0.018,0.019,0.02,0.022,0.022
1,20,12/3/2025,8:09:48,8:29:48,0.018,0.018,0.019,0.021,0.021
1,20,12/3/2025,8:09:50,8:29:50,0.016,0.017,0.018,0.019,0.019
1,20,12/3/2025,8:09:52,8:29:52,0.016,0.016,0.017,0.018,0.018
1,20,12/3/2025,8:09:54,8:29:54,0.017,0.018,0.019,0.02,0.02
1,20,12/3/2025,8:09:56,8:29:56,0.017,0.017,0.019,0.019,0.019
1,20,12/3/2025,8:09:58,8:29:58,0.016,0.016,0.018,0.018,0.018
1,20,12/3/2025,8:10:00,8:30:00,0.017,0.017,0.018,0.022,0.022
1,20,12/3/2025,8:10:02,8:30:02,0.019,0.019,0.021,0.027,0.027
1,20,12/3/2025,8:10:04,8:30:04,0.019,0.02,0.022,0.025,0.025
1,20,12/3/2025,8:10:06,8:30:06,0.018,0.018,0.02,0.021,0.021
1,22,12/3/2025,8:12:17,8:32:17,0.016,0.016,0.019,0.023,0.023
1,22,12/3/2025,8:12:19,8:32:19,0.013,0.013,0.014,0.015,0.015
1,22,12/3/2025,8:12:21,8:32:21,0.016,0.017,0.018,0.019,0.019
1,22,12/3/2025,8:12:23,8:32:23,0.016,0.016,0.018,0.022,0.024
1,22,12/3/2025,8:12:25,8:32:25,0.02,0.02,0.022,0.028,0.064
1,22,12/3/2025,8:12:27,8:32:27,0.014,0.015,0.016,0.016,0.016
1,22,12/3/2025,8:12:29,8:32:29,0.017,0.017,0.018,0.023,0.023
1,22,12/3/2025,8:12:31,8:32:31,0.026,0.027,0.028,0.03,0.055
1,22,12/3/2025,8:12:33,8:32:33,0.016,0.016,0.018,0.019,0.054
1,22,12/3/2025,8:12:35,8:32:35,0.016,0.017,0.019,0.022,0.022
1,22,12/3/2025,8:12:37,8:32:37,0.015,0.015,0.018,0.021,0.021
1,22,12/3/2025,8:12:39,8:32:39,0.015,0.015,0.017,0.019,0.019
1,22,12/3/2025,8:12:41,8:32:41,0.017,0.017,0.018,0.026,0.026
1,22,12/3/2025,8:12:43,8:32:43,0.018,0.019,0.02,0.025,0.025
1,22,12/3/2025,8:12:45,8:32:45,0.017,0.017,0.019,0.022,0.022
1,22,12/3/2025,8:12:47,8:32:47,0.015,0.016,0.017,0.018,0.018
1,22,12/3/2025,8:12:49,8:32:49,0.016,0.016,0.017,0.018,0.018
1,22,12/3/2025,8:12:51,8:32:51,0.014,0.014,0.015,0.016,0.016
1,22,12/3/2025,8:12:53,8:32:53,0.015,0.015,0.016,0.018,0.018
1,22,12/3/2025,8:12:55,8:32:55,0.016,0.016,0.016,0.022,0.022
1,22,12/3/2025,8:12:57,8:32:57,0.016,0.016,0.017,0.022,0.022
1,22,12/3/2025,8:12:59,8:32:59,0.014,0.014,0.015,0.016,0.016
1,22,12/3/2025,8:13:01,8:33:01,0.014,0.014,0.015,0.017,0.017
1,22,12/3/2025,8:13:03,8:33:03,0.015,0.015,0.016,0.017,0.017
1,22,12/3/2025,8:13:05,8:33:05,0.015,0.015,0.017,0.018,0.018
1,22,12/3/2025,8:13:07,8:33:07,0.017,0.017,0.018,0.023,0.023
1,22,12/3/2025,8:13:09,8:33:09,0.017,0.017,0.02,0.021,0.021
1,22,12/3/2025,8:13:11,8:33:11,0.016,0.016,0.018,0.018,0.018
1,22,12/3/2025,8:13:13,8:33:13,0.015,0.016,0.017,0.017,0.017
1,22,12/3/2025,8:13:15,8:33:15,0.016,0.016,0.017,0.018,0.018
1,24,12/3/2025,8:15:36,8:35:36,0.014,0.015,0.016,0.022,0.022
1,24,12/3/2025,8:15:38,8:35:38,0.017,0.017,0.02,0.027,0.027
1,24,12/3/2025,8:15:40,8:35:40,0.013,0.013,0.015,0.017,0.017
1,24,12/3/2025,8:15:42,8:35:42,0.012,0.013,0.014,0.015,0.015
1,24,12/3/2025,8:15:44,8:35:44,0.016,0.017,0.018,0.023,0.023
1,24,12/3/2025,8:15:46,8:35:46,0.018,0.018,0.019,0.024,0.03
1,24,12/3/2025,8:15:48,8:35:48,0.016,0.017,0.018,0.02,0.023
1,24,12/3/2025,8:15:50,8:35:50,0.016,0.017,0.018,0.021,0.021
1,24,12/3/2025,8:15:52,8:35:52,0.017,0.017,0.019,0.02,0.022
1,24,12/3/2025,8:15:54,8:35:54,0.018,0.018,0.019,0.026,0.077
1,24,12/3/2025,8:15:56,8:35:56,0.019,0.019,0.02,0.023,0.035
1,24,12/3/2025,8:15:58,8:35:58,0.02,0.02,0.021,0.023,0.073
1,24,12/3/2025,8:16:00,8:36:00,0.021,0.021,0.021,0.022,0.059
1,24,12/3/2025,8:16:02,8:36:02,0.017,0.017,0.018,0.023,0.023
1,24,12/3/2025,8:16:04,8:36:04,0.017,0.017,0.018,0.02,0.044
1,24,12/3/2025,8:16:06,8:36:06,0.016,0.017,0.018,0.021,0.031
1,24,12/3/2025,8:16:08,8:36:08,0.015,0.015,0.017,0.018,0.018
1,24,12/3/2025,8:16:10,8:36:10,0.016,0.016,0.018,0.019,0.019
1,24,12/3/2025,8:16:12,8:36:12,0.017,0.017,0.019,0.023,0.023
1,24,12/3/2025,8:16:14,8:36:14,0.016,0.016,0.019,0.019,0.019
1,24,12/3/2025,8:16:16,8:36:16,0.015,0.015,0.017,0.017,0.017
1,24,12/3/2025,8:16:18,8:36:18,0.017,0.017,0.018,0.021,0.021
1,24,12/3/2025,8:16:20,8:36:20,0.015,0.015,0.016,0.021,0.021
1,24,12/3/2025,8:16:22,8:36:22,0.014,0.014,0.014,0.014,0.014
1,24,12/3/2025,8:16:24,8:36:24,0.015,0.015,0.016,0.018,0.018
1,24,12/3/2025,8:16:26,8:36:26,0.015,0.016,0.017,0.02,0.02
1,24,12/3/2025,8:16:28,8:36:28,0.017,0.017,0.019,0.02,0.02
1,24,12/3/2025,8:16:30,8:36:30,0.015,0.015,0.015,0.016,0.016
1,24,12/3/2025,8:16:32,8:36:32,0.016,0.016,0.017,0.019,0.019
1,24,12/3/2025,8:16:34,8:36:34,0.016,0.016,0.018,0.02,0.02
1,26,12/3/2025,8:19:31,8:39:31,0.012,0.013,0.013,0.015,0.015
1,26,12/3/2025,8:19:33,8:39:33,0.013,0.013,0.014,0.015,0.015
1,26,12/3/2025,8:19:35,8:39:35,0.053,0.053,0.055,0.055,0.055
1,26,12/3/2025,8:19:37,8:39:37,0.098,0.098,0.099,0.099,0.099
1,26,12/3/2025,8:19:39,8:39:39,0.117,0.117,0.119,0.12,0.12
1,26,12/3/2025,8:19:41,8:39:41,0.079,0.079,0.081,0.081,0.081
1,26,12/3/2025,8:19:43,8:39:43,0.138,0.138,0.139,0.139,0.139
1,26,12/3/2025,8:19:45,8:39:45,0.095,0.096,0.097,0.098,0.098
1,26,12/3/2025,8:19:47,8:39:47,0.064,0.064,0.065,0.065,0.065
1,26,12/3/2025,8:19:49,8:39:49,0.03,0.03,0.03,0.032,0.032
1,26,12/3/2025,8:19:51,8:39:51,0.033,0.033,0.034,0.039,0.039
1,26,12/3/2025,8:19:53,8:39:53,0.032,0.033,0.034,0.036,0.036
1,26,12/3/2025,8:19:55,8:39:55,0.041,0.041,0.043,0.045,0.045
1,26,12/3/2025,8:19:57,8:39:57,0.043,0.043,0.044,0.044,0.044
1,26,12/3/2025,8:19:59,8:39:59,0.038,0.038,0.039,0.039,0.039
1,26,12/3/2025,8:20:01,8:40:01,0.074,0.074,0.075,0.076,0.076
1,26,12/3/2025,8:20:03,8:40:03,0.036,0.036,0.037,0.038,0.038
1,26,12/3/2025,8:20:05,8:40:05,0.02,0.02,0.021,0.022,0.022
1,26,12/3/2025,8:20:07,8:40:07,0.018,0.018,0.019,0.019,0.019
1,26,12/3/2025,8:20:09,8:40:09,0.017,0.017,0.019,0.02,0.02
1,26,12/3/2025,8:20:11,8:40:11,0.019,0.019,0.02,0.022,0.022
1,26,12/3/2025,8:20:13,8:40:13,0.021,0.021,0.023,0.026,0.026
1,26,12/3/2025,8:20:15,8:40:15,0.018,0.018,0.019,0.023,0.023
1,26,12/3/2025,8:20:17,8:40:17,0.02,0.021,0.021,0.028,0.028
1,26,12/3/2025,8:20:19,8:40:19,0.017,0.017,0.018,0.019,0.019
1,26,12/3/2025,8:20:21,8:40:21,0.021,0.021,0.023,0.025,0.025
1,26,12/3/2025,8:20:23,8:40:23,0.017,0.018,0.018,0.019,0.019
1,26,12/3/2025,8:20:25,8:40:25,0.018,0.018,0.019,0.02,0.02
1,26,12/3/2025,8:20:27,8:40:27,0.017,0.017,0.018,0.02,0.02
1,26,12/3/2025,8:20:29,8:40:29,0.017,0.017,0.018,0.018,0.018
1,29,12/3/2025,8:22:48,8:42:48,0.014,0.014,0.016,0.02,0.078
1,29,12/3/2025,8:22:50,8:42:50,0.013,0.013,0.014,0.02,0.036
1,29,12/3/2025,8:22:52,8:42:52,0.014,0.014,0.015,0.017,0.017
1,29,12/3/2025,8:22:54,8:42:54,0.017,0.017,0.019,0.02,0.02
1,29,12/3/2025,8:22:56,8:42:56,0.018,0.018,0.019,0.023,0.023
1,29,12/3/2025,8:22:58,8:42:58,0.018,0.018,0.019,0.023,0.023
1,29,12/3/2025,8:23:00,8:43:00,0.017,0.017,0.019,0.019,0.019
1,29,12/3/2025,8:23:02,8:43:02,0.017,0.017,0.018,0.018,0.018
1,29,12/3/2025,8:23:04,8:43:04,0.018,0.018,0.019,0.022,0.022
1,29,12/3/2025,8:23:06,8:43:06,0.018,0.018,0.019,0.023,0.023
1,29,12/3/2025,8:23:08,8:43:08,0.016,0.016,0.017,0.02,0.02
1,29,12/3/2025,8:23:10,8:43:10,0.018,0.018,0.019,0.023,0.028
1,29,12/3/2025,8:23:12,8:43:12,0.017,0.018,0.018,0.021,0.023
1,29,12/3/2025,8:23:14,8:43:14,0.018,0.018,0.019,0.029,0.029
1,29,12/3/2025,8:23:16,8:43:16,0.017,0.017,0.019,0.021,0.021
1,29,12/3/2025,8:23:18,8:43:18,0.019,0.019,0.02,0.023,0.023
1,29,12/3/2025,8:23:20,8:43:20,0.018,0.018,0.019,0.022,0.022
1,29,12/3/2025,8:23:22,8:43:22,0.018,0.018,0.019,0.022,0.022
1,29,12/3/2025,8:23:24,8:43:24,0.019,0.019,0.021,0.022,0.022
1,29,12/3/2025,8:23:26,8:43:26,0.018,0.018,0.018,0.02,0.02
1,29,12/3/2025,8:23:28,8:43:28,0.019,0.02,0.021,0.022,0.022
1,29,12/3/2025,8:23:30,8:43:30,0.02,0.02,0.021,0.025,0.025
1,29,12/3/2025,8:23:32,8:43:32,0.019,0.02,0.021,0.022,0.022
1,29,12/3/2025,8:23:34,8:43:34,0.02,0.02,0.021,0.027,0.03
1,29,12/3/2025,8:23:36,8:43:36,0.021,0.021,0.022,0.025,0.079
1,29,12/3/2025,8:23:38,8:43:38,0.017,0.017,0.017,0.018,0.018
1,29,12/3/2025,8:23:40,8:43:40,0.017,0.017,0.018,0.019,0.019
1,29,12/3/2025,8:23:42,8:43:42,0.019,0.019,0.021,0.022,0.022
1,29,12/3/2025,8:23:44,8:43:44,0.019,0.019,0.02,0.021,0.021
1,29,12/3/2025,8:23:46,8:43:46,0.02,0.02,0.022,0.024,0.024
1,30,12/3/2025,8:27:07,8:47:07,0.014,0.014,0.017,0.017,0.017
1,30,12/3/2025,8:27:09,8:47:09,0.014,0.014,0.014,0.014,0.014
1,30,12/3/2025,8:27:11,8:47:11,0.017,0.017,0.018,0.018,0.018
1,30,12/3/2025,8:27:13,8:47:13,0.018,0.018,0.019,0.019,0.019
1,30,12/3/2025,8:27:15,8:47:15,0.018,0.018,0.02,0.021,0.021
1,30,12/3/2025,8:27:17,8:47:17,0.019,0.019,0.02,0.022,0.032
1,30,12/3/2025,8:27:19,8:47:19,0.018,0.018,0.019,0.022,0.022
1,30,12/3/2025,8:27:21,8:47:21,0.016,0.017,0.018,0.019,0.019
1,30,12/3/2025,8:27:23,8:47:23,0.019,0.019,0.02,0.023,0.023
1,30,12/3/2025,8:27:25,8:47:25,0.019,0.019,0.021,0.022,0.022
1,30,12/3/2025,8:27:27,8:47:27,0.018,0.018,0.02,0.023,0.023
1,30,12/3/2025,8:27:29,8:47:29,0.02,0.02,0.021,0.028,0.028
1,30,12/3/2025,8:27:31,8:47:31,0.016,0.017,0.018,0.02,0.02
1,30,12/3/2025,8:27:33,8:47:33,0.018,0.019,0.02,0.026,0.026
1,30,12/3/2025,8:27:35,8:47:35,0.019,0.019,0.02,0.022,0.022
1,30,12/3/2025,8:27:37,8:47:37,0.022,0.022,0.023,0.026,0.027
1,30,12/3/2025,8:27:39,8:47:39,0.017,0.017,0.019,0.02,0.028
1,30,12/3/2025,8:27:41,8:47:41,0.016,0.016,0.018,0.02,0.02
1,30,12/3/2025,8:27:43,8:47:43,0.019,0.019,0.02,0.024,0.024
1,30,12/3/2025,8:27:45,8:47:45,0.016,0.017,0.018,0.025,0.025
1,30,12/3/2025,8:27:47,8:47:47,0.018,0.018,0.019,0.024,0.024
1,30,12/3/2025,8:27:49,8:47:49,0.016,0.017,0.018,0.018,0.018
1,30,12/3/2025,8:27:51,8:47:51,0.016,0.016,0.017,0.019,0.019
1,30,12/3/2025,8:27:53,8:47:53,0.018,0.018,0.019,0.023,0.023
1,30,12/3/2025,8:27:55,8:47:55,0.016,0.016,0.018,0.018,0.018
1,30,12/3/2025,8:27:57,8:47:57,0.017,0.017,0.019,0.023,0.023
1,30,12/3/2025,8:27:59,8:47:59,0.018,0.018,0.02,0.02,0.02
1,30,12/3/2025,8:28:01,8:48:01,0.02,0.02,0.022,0.025,0.026
1,30,12/3/2025,8:28:03,8:48:03,0.021,0.021,0.023,0.026,0.038
1,30,12/3/2025,8:28:05,8:48:05,0.019,0.019,0.023,0.027,0.027
1,28,12/3/2025,8:32:33,8:52:33,0.015,0.015,0.017,0.02,0.021
1,28,12/3/2025,8:32:35,8:52:35,0.017,0.017,0.018,0.02,0.038
1,28,12/3/2025,8:32:37,8:52:37,0.014,0.014,0.016,0.019,0.019
1,28,12/3/2025,8:32:39,8:52:39,0.014,0.015,0.016,0.018,0.018
1,28,12/3/2025,8:32:41,8:52:41,0.017,0.017,0.018,0.021,0.021
1,28,12/3/2025,8:32:43,8:52:43,0.023,0.023,0.026,0.035,0.035
1,28,12/3/2025,8:32:45,8:52:45,0.014,0.014,0.016,0.016,0.016
1,28,12/3/2025,8:32:47,8:52:47,0.025,0.025,0.026,0.03,0.047
1,28,12/3/2025,8:32:49,8:52:49,0.016,0.016,0.017,0.023,0.096
1,28,12/3/2025,8:32:51,8:52:51,0.016,0.016,0.017,0.029,0.034
1,28,12/3/2025,8:32:53,8:52:53,0.024,0.024,0.027,0.05,0.089
1,28,12/3/2025,8:32:55,8:52:55,0.017,0.017,0.018,0.025,0.042
1,28,12/3/2025,8:32:57,8:52:57,0.037,0.038,0.042,0.049,0.062
1,28,12/3/2025,8:32:59,8:52:59,0.03,0.03,0.034,0.039,0.137
1,28,12/3/2025,8:33:01,8:53:01,0.02,0.02,0.022,0.027,0.114
1,28,12/3/2025,8:33:03,8:53:03,0.021,0.021,0.022,0.026,0.054
1,28,12/3/2025,8:33:05,8:53:05,0.025,0.025,0.026,0.029,0.07
1,28,12/3/2025,8:33:07,8:53:07,0.018,0.019,0.02,0.029,0.046
1,28,12/3/2025,8:33:09,8:53:09,0.02,0.02,0.023,0.035,0.045
1,28,12/3/2025,8:33:11,8:53:11,0.021,0.022,0.023,0.027,0.031
1,28,12/3/2025,8:33:13,8:53:13,0.02,0.02,0.022,0.023,0.023
1,28,12/3/2025,8:33:15,8:53:15,0.019,0.019,0.02,0.021,0.021
1,28,12/3/2025,8:33:17,8:53:17,0.016,0.016,0.017,0.021,0.021
1,28,12/3/2025,8:33:19,8:53:19,0.014,0.015,0.016,0.021,0.021
1,28,12/3/2025,8:33:21,8:53:21,0.019,0.019,0.02,0.022,0.022
1,28,12/3/2025,8:33:23,8:53:23,0.016,0.016,0.017,0.017,0.017
1,28,12/3/2025,8:33:25,8:53:25,0.015,0.015,0.016,0.02,0.02
1,28,12/3/2025,8:33:27,8:53:27,0.017,0.017,0.018,0.019,0.024
1,28,12/3/2025,8:33:29,8:53:29,0.017,0.017,0.018,0.027,0.029
1,28,12/3/2025,8:33:31,8:53:31,0.017,0.017,0.018,0.02,0.02
1,27,12/3/2025,8:35:51,8:55:51,0.011,0.011,0.011,0.011,0.012
1,27,12/3/2025,8:35:53,8:55:53,0.014,0.014,0.015,0.017,0.028
1,27,12/3/2025,8:35:55,8:55:55,0.012,0.012,0.013,0.014,0.014
1,27,12/3/2025,8:35:57,8:55:57,0.011,0.012,0.012,0.012,0.012
1,27,12/3/2025,8:35:59,8:55:59,0.013,0.013,0.014,0.016,0.016
1,27,12/3/2025,8:36:01,8:56:01,0.013,0.013,0.014,0.015,0.015
1,27,12/3/2025,8:36:03,8:56:03,0.014,0.014,0.015,0.015,0.015
1,27,12/3/2025,8:36:05,8:56:05,0.014,0.014,0.016,0.016,0.016
1,27,12/3/2025,8:36:07,8:56:07,0.014,0.014,0.015,0.016,0.016
1,27,12/3/2025,8:36:09,8:56:09,0.014,0.014,0.015,0.015,0.015
1,27,12/3/2025,8:36:11,8:56:11,0.016,0.016,0.017,0.017,0.017
1,27,12/3/2025,8:36:13,8:56:13,0.015,0.015,0.016,0.018,0.018
1,27,12/3/2025,8:36:15,8:56:15,0.016,0.017,0.018,0.018,0.018
1,27,12/3/2025,8:36:17,8:56:17,0.014,0.014,0.014,0.015,0.015
1,27,12/3/2025,8:36:19,8:56:19,0.014,0.014,0.014,0.014,0.014
1,27,12/3/2025,8:36:21,8:56:21,0.018,0.018,0.018,0.021,0.021
1,27,12/3/2025,8:36:23,8:56:23,0.016,0.016,0.017,0.018,0.018
1,27,12/3/2025,8:36:25,8:56:25,0.015,0.015,0.016,0.016,0.016
1,27,12/3/2025,8:36:27,8:56:27,0.014,0.014,0.015,0.016,0.016
1,27,12/3/2025,8:36:29,8:56:29,0.014,0.014,0.014,0.015,0.015
1,27,12/3/2025,8:36:31,8:56:31,0.014,0.014,0.015,0.015,0.015
1,27,12/3/2025,8:36:33,8:56:33,0.015,0.015,0.017,0.019,0.019
1,27,12/3/2025,8:36:35,8:56:35,0.015,0.015,0.016,0.017,0.017
1,27,12/3/2025,8:36:37,8:56:37,0.014,0.014,0.015,0.015,0.015
1,27,12/3/2025,8:36:39,8:56:39,0.014,0.014,0.015,0.018,0.018
1,27,12/3/2025,8:36:41,8:56:41,0.016,0.016,0.017,0.017,0.017
1,27,12/3/2025,8:36:43,8:56:43,0.015,0.015,0.016,0.016,0.016
1,27,12/3/2025,8:36:45,8:56:45,0.013,0.013,0.014,0.014,0.014
1,27,12/3/2025,8:36:47,8:56:47,0.014,0.014,0.015,0.016,0.016
1,27,12/3/2025,8:36:49,8:56:49,0.016,0.016,0.016,0.018,0.018
1,25,12/3/2025,8:40:42,9:00:42,0.011,0.011,0.013,0.02,0.02
1,25,12/3/2025,8:40:44,9:00:44,0.013,0.013,0.014,0.018,0.018
1,25,12/3/2025,8:40:46,9:00:46,0.016,0.016,0.017,0.018,0.018
1,25,12/3/2025,8:40:48,9:00:48,0.016,0.016,0.018,0.019,0.019
1,25,12/3/2025,8:40:50,9:00:50,0.015,0.015,0.016,0.016,0.016
1,25,12/3/2025,8:40:52,9:00:52,0.016,0.017,0.018,0.018,0.018
1,25,12/3/2025,8:40:54,9:00:54,0.016,0.016,0.017,0.021,0.021
1,25,12/3/2025,8:40:56,9:00:56,0.015,0.015,0.016,0.018,0.018
1,25,12/3/2025,8:40:58,9:00:58,0.017,0.017,0.019,0.02,0.02
1,25,12/3/2025,8:41:00,9:01:00,0.016,0.017,0.018,0.022,0.022
1,25,12/3/2025,8:41:02,9:01:02,0.016,0.016,0.017,0.02,0.02
1,25,12/3/2025,8:41:04,9:01:04,0.017,0.017,0.02,0.024,0.026
1,25,12/3/2025,8:41:06,9:01:06,0.017,0.017,0.018,0.02,0.057
1,25,12/3/2025,8:41:08,9:01:08,0.014,0.014,0.015,0.017,0.017
1,25,12/3/2025,8:41:10,9:01:10,0.025,0.025,0.026,0.026,0.065
1,25,12/3/2025,8:41:12,9:01:12,0.017,0.017,0.018,0.02,0.037
1,25,12/3/2025,8:41:14,9:01:14,0.016,0.016,0.017,0.018,0.018
1,25,12/3/2025,8:41:16,9:01:16,0.016,0.016,0.017,0.017,0.018
1,25,12/3/2025,8:41:18,9:01:18,0.017,0.017,0.019,0.022,0.045
1,25,12/3/2025,8:41:20,9:01:20,0.017,0.017,0.019,0.021,0.021
1,25,12/3/2025,8:41:22,9:01:22,0.017,0.017,0.018,0.022,0.022
1,25,12/3/2025,8:41:24,9:01:24,0.015,0.015,0.016,0.018,0.018
1,25,12/3/2025,8:41:26,9:01:26,0.016,0.016,0.017,0.017,0.017
1,25,12/3/2025,8:41:28,9:01:28,0.014,0.014,0.015,0.017,0.017
1,25,12/3/2025,8:41:30,9:01:30,0.016,0.016,0.017,0.017,0.017
1,25,12/3/2025,8:41:32,9:01:32,0.015,0.015,0.015,0.016,0.016
1,25,12/3/2025,8:41:34,9:01:34,0.015,0.015,0.016,0.016,0.016
1,25,12/3/2025,8:41:36,9:01:36,0.016,0.016,0.018,0.018,0.018
1,25,12/3/2025,8:41:38,9:01:38,0.018,0.018,0.02,0.022,0.022
1,25,12/3/2025,8:41:40,9:01:40,0.018,0.019,0.021,0.023,0.05
1,23,12/3/2025,8:44:25,9:04:25,0.012,0.012,0.013,0.015,0.015
1,23,12/3/2025,8:44:27,9:04:27,0.013,0.013,0.014,0.014,0.014
1,23,12/3/2025,8:44:29,9:04:29,0.013,0.013,0.013,0.013,0.013
1,23,12/3/2025,8:44:31,9:04:31,0.015,0.015,0.016,0.016,0.016
1,23,12/3/2025,8:44:33,9:04:33,0.02,0.02,0.021,0.031,0.031
1,23,12/3/2025,8:44:35,9:04:35,0.015,0.015,0.016,0.021,0.021
1,23,12/3/2025,8:44:37,9:04:37,0.014,0.015,0.016,0.016,0.016
1,23,12/3/2025,8:44:39,9:04:39,0.014,0.014,0.015,0.017,0.017
1,23,12/3/2025,8:44:41,9:04:41,0.015,0.015,0.016,0.017,0.017
1,23,12/3/2025,8:44:43,9:04:43,0.016,0.016,0.017,0.018,0.018
1,23,12/3/2025,8:44:45,9:04:45,0.015,0.015,0.016,0.021,0.021
1,23,12/3/2025,8:44:47,9:04:47,0.015,0.016,0.016,0.018,0.018
1,23,12/3/2025,8:44:49,9:04:49,0.016,0.016,0.018,0.02,0.02
1,23,12/3/2025,8:44:51,9:04:51,0.015,0.015,0.016,0.019,0.019
1,23,12/3/2025,8:44:53,9:04:53,0.019,0.019,0.02,0.028,0.028
1,23,12/3/2025,8:44:55,9:04:55,0.015,0.015,0.017,0.02,0.02
1,23,12/3/2025,8:44:57,9:04:57,0.015,0.015,0.017,0.018,0.018
1,23,12/3/2025,8:44:59,9:04:59,0.014,0.015,0.015,0.019,0.019
1,23,12/3/2025,8:45:01,9:05:01,0.016,0.017,0.018,0.02,0.02
1,23,12/3/2025,8:45:03,9:05:03,0.015,0.015,0.017,0.018,0.018
1,23,12/3/2025,8:45:05,9:05:05,0.015,0.016,0.017,0.02,0.02
1,23,12/3/2025,8:45:07,9:05:07,0.015,0.015,0.015,0.016,0.016
1,23,12/3/2025,8:45:09,9:05:09,0.014,0.014,0.015,0.015,0.015
1,23,12/3/2025,8:45:11,9:05:11,0.016,0.017,0.018,0.019,0.019
1,23,12/3/2025,8:45:13,9:05:13,0.017,0.017,0.019,0.02,0.02
1,23,12/3/2025,8:45:15,9:05:15,0.017,0.017,0.018,0.02,0.031
1,23,12/3/2025,8:45:17,9:05:17,0.015,0.015,0.017,0.017,0.022
1,23,12/3/2025,8:45:19,9:05:19,0.014,0.014,0.015,0.015,0.015
1,23,12/3/2025,8:45:21,9:05:21,0.014,0.014,0.015,0.016,0.016
1,23,12/3/2025,8:45:23,9:05:23,0.015,0.015,0.016,0.02,0.02
1,21,12/3/2025,8:48:36,9:08:36,0.014,0.014,0.015,0.015,0.015
1,21,12/3/2025,8:48:38,9:08:38,0.014,0.014,0.016,0.016,0.016
1,21,12/3/2025,8:48:40,9:08:40,0.014,0.014,0.015,0.019,0.019
1,21,12/3/2025,8:48:42,9:08:42,0.014,0.014,0.015,0.016,0.016
1,21,12/3/2025,8:48:44,9:08:44,0.014,0.014,0.016,0.016,0.016
1,21,12/3/2025,8:48:46,9:08:46,0.015,0.015,0.017,0.017,0.017
1,21,12/3/2025,8:48:48,9:08:48,0.014,0.015,0.016,0.016,0.016
1,21,12/3/2025,8:48:50,9:08:50,0.015,0.015,0.016,0.017,0.017
1,21,12/3/2025,8:48:52,9:08:52,0.015,0.015,0.016,0.018,0.018
1,21,12/3/2025,8:48:54,9:08:54,0.019,0.02,0.02,0.024,0.024
1,21,12/3/2025,8:48:56,9:08:56,0.015,0.015,0.017,0.018,0.018
1,21,12/3/2025,8:48:58,9:08:58,0.015,0.015,0.016,0.017,0.017
1,21,12/3/2025,8:49:00,9:09:00,0.014,0.014,0.015,0.017,0.017
1,21,12/3/2025,8:49:02,9:09:02,0.015,0.015,0.016,0.018,0.018
1,21,12/3/2025,8:49:04,9:09:04,0.015,0.016,0.018,0.02,0.02
1,21,12/3/2025,8:49:06,9:09:06,0.015,0.016,0.017,0.02,0.02
1,21,12/3/2025,8:49:08,9:09:08,0.014,0.014,0.014,0.016,0.016
1,21,12/3/2025,8:49:10,9:09:10,0.013,0.013,0.014,0.015,0.015
1,21,12/3/2025,8:49:12,9:09:12,0.013,0.013,0.015,0.016,0.016
1,21,12/3/2025,8:49:14,9:09:14,0.014,0.015,0.016,0.016,0.016
1,21,12/3/2025,8:49:16,9:09:16,0.014,0.015,0.016,0.017,0.017
1,21,12/3/2025,8:49:18,9:09:18,0.014,0.014,0.015,0.018,0.018
1,21,12/3/2025,8:49:20,9:09:20,0.014,0.014,0.015,0.019,0.019
1,21,12/3/2025,8:49:22,9:09:22,0.014,0.014,0.015,0.018,0.018
1,21,12/3/2025,8:49:24,9:09:24,0.013,0.013,0.013,0.014,0.014
1,21,12/3/2025,8:49:26,9:09:26,0.015,0.015,0.017,0.017,0.017
1,21,12/3/2025,8:49:28,9:09:28,0.014,0.014,0.015,0.015,0.015
1,21,12/3/2025,8:49:30,9:09:30,0.013,0.013,0.014,0.015,0.015
1,21,12/3/2025,8:49:32,9:09:32,0.015,0.015,0.016,0.017,0.017
1,21,12/3/2025,8:49:34,9:09:34,0.015,0.015,0.016,0.021,0.021
1,18,12/3/2025,8:51:42,9:11:42,0.013,0.013,0.014,0.016,0.016
1,18,12/3/2025,8:51:44,9:11:44,0.013,0.013,0.015,0.018,0.018
1,18,12/3/2025,8:51:46,9:11:46,0.013,0.014,0.014,0.02,0.02
1,18,12/3/2025,8:51:48,9:11:48,0.014,0.014,0.015,0.016,0.016
1,18,12/3/2025,8:51:50,9:11:50,0.014,0.014,0.015,0.015,0.015
1,18,12/3/2025,8:51:52,9:11:52,0.013,0.013,0.014,0.014,0.014
1,18,12/3/2025,8:51:54,9:11:54,0.017,0.017,0.018,0.02,0.02
1,18,12/3/2025,8:51:56,9:11:56,0.013,0.013,0.014,0.015,0.015
1,18,12/3/2025,8:51:58,9:11:58,0.014,0.014,0.015,0.017,0.017
1,18,12/3/2025,8:52:00,9:12:00,0.015,0.015,0.016,0.017,0.017
1,18,12/3/2025,8:52:02,9:12:02,0.014,0.014,0.015,0.018,0.018
1,18,12/3/2025,8:52:04,9:12:04,0.014,0.014,0.015,0.016,0.016
1,18,12/3/2025,8:52:06,9:12:06,0.013,0.013,0.014,0.015,0.015
1,18,12/3/2025,8:52:08,9:12:08,0.015,0.015,0.017,0.024,0.024
1,18,12/3/2025,8:52:10,9:12:10,0.015,0.015,0.016,0.018,0.018
1,18,12/3/2025,8:52:12,9:12:12,0.014,0.015,0.016,0.016,0.016
1,18,12/3/2025,8:52:14,9:12:14,0.014,0.015,0.016,0.017,0.017
1,18,12/3/2025,8:52:16,9:12:16,0.015,0.015,0.016,0.017,0.017
1,18,12/3/2025,8:52:18,9:12:18,0.014,0.014,0.016,0.02,0.02
1,18,12/3/2025,8:52:20,9:12:20,0.015,0.015,0.016,0.018,0.018
1,18,12/3/2025,8:52:22,9:12:22,0.013,0.013,0.014,0.015,0.015
1,18,12/3/2025,8:52:24,9:12:24,0.013,0.013,0.014,0.015,0.015
1,18,12/3/2025,8:52:26,9:12:26,0.014,0.014,0.016,0.017,0.017
1,18,12/3/2025,8:52:28,9:12:28,0.014,0.014,0.015,0.024,0.024
1,18,12/3/2025,8:52:30,9:12:30,0.013,0.014,0.014,0.015,0.015
1,18,12/3/2025,8:52:32,9:12:32,0.014,0.014,0.015,0.015,0.015
1,18,12/3/2025,8:52:34,9:12:34,0.013,0.013,0.014,0.015,0.015
1,18,12/3/2025,8:52:36,9:12:36,0.013,0.013,0.014,0.015,0.015
1,18,12/3/2025,8:52:38,9:12:38,0.014,0.014,0.015,0.015,0.025
1,18,12/3/2025,8:52:40,9:12:40,0.014,0.014,0.015,0.016,0.02
1,14,12/3/2025,8:54:28,9:14:28,0.013,0.014,0.015,0.017,0.017
1,14,12/3/2025,8:54:30,9:14:30,0.017,0.017,0.018,0.021,0.021
1,14,12/3/2025,8:54:32,9:14:32,0.014,0.014,0.016,0.02,0.02
1,14,12/3/2025,8:54:34,9:14:34,0.014,0.014,0.015,0.016,0.016
1,14,12/3/2025,8:54:36,9:14:36,0.016,0.016,0.017,0.019,0.019
1,14,12/3/2025,8:54:38,9:14:38,0.016,0.016,0.017,0.019,0.019
1,14,12/3/2025,8:54:40,9:14:40,0.014,0.014,0.015,0.016,0.042
1,14,12/3/2025,8:54:42,9:14:42,0.014,0.014,0.015,0.018,0.03
1,14,12/3/2025,8:54:44,9:14:44,0.014,0.014,0.014,0.017,0.017
1,14,12/3/2025,8:54:46,9:14:46,0.014,0.014,0.015,0.018,0.018
1,14,12/3/2025,8:54:48,9:14:48,0.012,0.012,0.014,0.015,0.015
1,14,12/3/2025,8:54:50,9:14:50,0.013,0.013,0.014,0.014,0.014
1,14,12/3/2025,8:54:52,9:14:52,0.014,0.014,0.015,0.017,0.017
1,14,12/3/2025,8:54:54,9:14:54,0.013,0.013,0.014,0.014,0.014
1,14,12/3/2025,8:54:56,9:14:56,0.013,0.013,0.013,0.014,0.014
1,14,12/3/2025,8:54:58,9:14:58,0.014,0.014,0.015,0.015,0.015
1,14,12/3/2025,8:55:00,9:15:00,0.015,0.015,0.017,0.018,0.018
1,14,12/3/2025,8:55:02,9:15:02,0.013,0.013,0.014,0.017,0.017
1,14,12/3/2025,8:55:04,9:15:04,0.014,0.014,0.015,0.016,0.016
1,14,12/3/2025,8:55:06,9:15:06,0.013,0.014,0.014,0.014,0.014
1,14,12/3/2025,8:55:08,9:15:08,0.014,0.014,0.015,0.016,0.016
1,14,12/3/2025,8:55:10,9:15:10,0.017,0.017,0.018,0.02,0.02
1,14,12/3/2025,8:55:12,9:15:12,0.017,0.017,0.019,0.022,0.022
1,14,12/3/2025,8:55:14,9:15:14,0.014,0.014,0.016,0.018,0.018
1,14,12/3/2025,8:55:16,9:15:16,0.016,0.016,0.017,0.019,0.019
1,14,12/3/2025,8:55:18,9:15:18,0.014,0.014,0.015,0.015,0.015
1,14,12/3/2025,8:55:20,9:15:20,0.015,0.015,0.016,0.018,0.018
1,14,12/3/2025,8:55:22,9:15:22,0.014,0.014,0.016,0.017,0.017
1,14,12/3/2025,8:55:24,9:15:24,0.013,0.013,0.015,0.015,0.015
1,14,12/3/2025,8:55:26,9:15:26,0.014,0.014,0.014,0.015,0.015
1,19,12/3/2025,8:58:25,9:18:25,0.012,0.012,0.013,0.015,0.015
1,19,12/3/2025,8:58:27,9:18:27,0.012,0.012,0.013,0.014,0.014
1,19,12/3/2025,8:58:29,9:18:29,0.016,0.016,0.017,0.018,0.018
1,19,12/3/2025,8:58:31,9:18:31,0.014,0.014,0.015,0.018,0.018
1,19,12/3/2025,8:58:33,9:18:33,0.015,0.015,0.016,0.019,0.019
1,19,12/3/2025,8:58:35,9:18:35,0.014,0.014,0.016,0.016,0.016
1,19,12/3/2025,8:58:37,9:18:37,0.013,0.013,0.014,0.019,0.019
1,19,12/3/2025,8:58:39,9:18:39,0.013,0.013,0.014,0.015,0.015
1,19,12/3/2025,8:58:41,9:18:41,0.015,0.015,0.016,0.016,0.016
1,19,12/3/2025,8:58:43,9:18:43,0.012,0.012,0.013,0.015,0.015
1,19,12/3/2025,8:58:45,9:18:45,0.012,0.012,0.012,0.014,0.014
1,19,12/3/2025,8:58:47,9:18:47,0.013,0.013,0.013,0.014,0.014
1,19,12/3/2025,8:58:49,9:18:49,0.014,0.014,0.015,0.015,0.015
1,19,12/3/2025,8:58:51,9:18:51,0.014,0.014,0.015,0.016,0.016
1,19,12/3/2025,8:58:53,9:18:53,0.014,0.014,0.016,0.021,0.021
1,19,12/3/2025,8:58:55,9:18:55,0.013,0.013,0.015,0.017,0.017
1,19,12/3/2025,8:58:57,9:18:57,0.015,0.015,0.016,0.019,0.034
1,19,12/3/2025,8:58:59,9:18:59,0.013,0.013,0.015,0.017,0.029
1,19,12/3/2025,8:59:01,9:19:01,0.013,0.013,0.014,0.015,0.017
1,19,12/3/2025,8:59:03,9:19:03,0.014,0.014,0.015,0.016,0.016
1,19,12/3/2025,8:59:05,9:19:05,0.014,0.014,0.015,0.017,0.017
1,19,12/3/2025,8:59:07,9:19:07,0.014,0.014,0.015,0.017,0.017
1,19,12/3/2025,8:59:09,9:19:09,0.013,0.013,0.015,0.016,0.016
1,19,12/3/2025,8:59:11,9:19:11,0.013,0.013,0.014,0.015,0.015
1,19,12/3/2025,8:59:13,9:19:13,0.014,0.014,0.015,0.018,0.033
1,19,12/3/2025,8:59:15,9:19:15,0.014,0.014,0.016,0.018,0.025
1,19,12/3/2025,8:59:17,9:19:17,0.014,0.014,0.015,0.017,0.017
1,19,12/3/2025,8:59:19,9:19:19,0.014,0.014,0.015,0.018,0.018
1,19,12/3/2025,8:59:21,9:19:21,0.013,0.013,0.014,0.017,0.017
1,19,12/3/2025,8:59:23,9:19:23,0.014,0.014,0.015,0.019,0.019
1,15,12/3/2025,9:01:53,9:21:53,0.012,0.012,0.012,0.014,0.014
1,15,12/3/2025,9:01:55,9:21:55,0.035,0.035,0.036,0.037,0.077
1,15,12/3/2025,9:01:57,9:21:57,0.021,0.021,0.023,0.026,0.097
1,15,12/3/2025,9:01:59,9:21:59,0.021,0.021,0.022,0.032,0.099
1,15,12/3/2025,9:02:01,9:22:01,0.016,0.016,0.019,0.032,0.056
1,15,12/3/2025,9:02:03,9:22:03,0.014,0.014,0.015,0.021,0.025
1,15,12/3/2025,9:02:05,9:22:05,0.013,0.013,0.014,0.026,0.027
1,15,12/3/2025,9:02:07,9:22:07,0.02,0.02,0.022,0.031,0.049
1,15,12/3/2025,9:02:09,9:22:09,0.033,0.033,0.035,0.053,0.066
1,15,12/3/2025,9:02:11,9:22:11,0.015,0.015,0.018,0.022,0.061
1,15,12/3/2025,9:02:13,9:22:13,0.011,0.011,0.012,0.016,0.016
1,15,12/3/2025,9:02:15,9:22:15,0.014,0.014,0.015,0.022,0.022
1,15,12/3/2025,9:02:17,9:22:17,0.011,0.011,0.013,0.016,0.016
1,15,12/3/2025,9:02:19,9:22:19,0.013,0.013,0.014,0.018,0.018
1,15,12/3/2025,9:02:21,9:22:21,0.012,0.012,0.013,0.016,0.016
1,15,12/3/2025,9:02:23,9:22:23,0.013,0.014,0.014,0.019,0.02
1,15,12/3/2025,9:02:25,9:22:25,0.026,0.026,0.027,0.032,0.088
1,15,12/3/2025,9:02:27,9:22:27,0.013,0.014,0.015,0.017,0.032
1,15,12/3/2025,9:02:29,9:22:29,0.014,0.014,0.015,0.016,0.016
1,15,12/3/2025,9:02:31,9:22:31,0.013,0.014,0.015,0.016,0.016
1,15,12/3/2025,9:02:33,9:22:33,0.013,0.014,0.016,0.018,0.018
1,15,12/3/2025,9:02:35,9:22:35,0.012,0.012,0.013,0.018,0.018
1,15,12/3/2025,9:02:37,9:22:37,0.013,0.013,0.014,0.019,0.019
1,15,12/3/2025,9:02:39,9:22:39,0.013,0.013,0.015,0.015,0.015
1,15,12/3/2025,9:02:41,9:22:41,0.013,0.013,0.014,0.015,0.015
1,15,12/3/2025,9:02:43,9:22:43,0.013,0.013,0.014,0.015,0.015
1,15,12/3/2025,9:02:45,9:22:45,0.012,0.012,0.013,0.015,0.015
1,15,12/3/2025,9:02:47,9:22:47,0.013,0.013,0.013,0.013,0.013
1,15,12/3/2025,9:02:49,9:22:49,0.014,0.014,0.015,0.016,0.016
1,15,12/3/2025,9:02:51,9:22:51,0.013,0.013,0.015,0.015,0.015
1,10,12/3/2025,9:06:39,9:26:39,0.01,0.01,0.013,0.013,0.013
1,10,12/3/2025,9:06:41,9:26:41,0.013,0.013,0.015,0.015,0.015
1,10,12/3/2025,9:06:43,9:26:43,0.014,0.014,0.015,0.017,0.017
1,10,12/3/2025,9:06:45,9:26:45,0.013,0.013,0.014,0.02,0.02
1,10,12/3/2025,9:06:47,9:26:47,0.013,0.013,0.014,0.015,0.015
1,10,12/3/2025,9:06:49,9:26:49,0.013,0.014,0.016,0.016,0.016
1,10,12/3/2025,9:06:51,9:26:51,0.014,0.014,0.016,0.018,0.018
1,10,12/3/2025,9:06:53,9:26:53,0.012,0.012,0.013,0.016,0.016
1,10,12/3/2025,9:06:55,9:26:55,0.012,0.012,0.013,0.013,0.013
1,10,12/3/2025,9:06:57,9:26:57,0.013,0.013,0.014,0.014,0.014
1,10,12/3/2025,9:06:59,9:26:59,0.015,0.015,0.017,0.018,0.018
1,10,12/3/2025,9:07:01,9:27:01,0.013,0.013,0.013,0.015,0.015
1,10,12/3/2025,9:07:03,9:27:03,0.013,0.013,0.013,0.015,0.015
1,10,12/3/2025,9:07:05,9:27:05,0.014,0.014,0.015,0.016,0.016
1,10,12/3/2025,9:07:07,9:27:07,0.014,0.014,0.015,0.015,0.015
1,10,12/3/2025,9:07:09,9:27:09,0.012,0.013,0.014,0.014,0.014
1,10,12/3/2025,9:07:11,9:27:11,0.012,0.012,0.013,0.014,0.014
1,10,12/3/2025,9:07:13,9:27:13,0.012,0.012,0.014,0.014,0.014
1,10,12/3/2025,9:07:15,9:27:15,0.013,0.013,0.014,0.017,0.017
1,10,12/3/2025,9:07:17,9:27:17,0.013,0.013,0.014,0.02,0.02
1,10,12/3/2025,9:07:19,9:27:19,0.013,0.013,0.013,0.014,0.014
1,10,12/3/2025,9:07:21,9:27:21,0.014,0.015,0.015,0.017,0.017
1,10,12/3/2025,9:07:23,9:27:23,0.012,0.012,0.012,0.021,0.021
1,10,12/3/2025,9:07:25,9:27:25,0.013,0.013,0.014,0.014,0.014
1,10,12/3/2025,9:07:27,9:27:27,0.014,0.014,0.015,0.016,0.016
1,10,12/3/2025,9:07:29,9:27:29,0.013,0.013,0.014,0.015,0.02
1,10,12/3/2025,9:07:31,9:27:31,0.012,0.012,0.013,0.013,0.015
1,10,12/3/2025,9:07:33,9:27:33,0.013,0.013,0.014,0.014,0.014
1,10,12/3/2025,9:07:35,9:27:35,0.014,0.014,0.015,0.015,0.015
1,10,12/3/2025,9:07:37,9:27:37,0.014,0.014,0.015,0.015,0.015
1,5,12/3/2025,9:10:56,9:30:56,0.011,0.012,0.013,0.02,0.02
1,5,12/3/2025,9:10:58,9:30:58,0.011,0.011,0.012,0.014,0.014
1,5,12/3/2025,9:11:00,9:31:00,0.013,0.013,0.014,0.014,0.014
1,5,12/3/2025,9:11:02,9:31:02,0.013,0.013,0.014,0.018,0.018
1,5,12/3/2025,9:11:04,9:31:04,0.013,0.013,0.013,0.016,0.017
1,5,12/3/2025,9:11:06,9:31:06,0.015,0.015,0.016,0.022,0.034
1,5,12/3/2025,9:11:08,9:31:08,0.014,0.014,0.015,0.017,0.018
1,5,12/3/2025,9:11:10,9:31:10,0.012,0.012,0.013,0.013,0.04
1,5,12/3/2025,9:11:12,9:31:12,0.011,0.011,0.011,0.011,0.011
1,5,12/3/2025,9:11:14,9:31:14,0.014,0.014,0.015,0.016,0.016
1,5,12/3/2025,9:11:16,9:31:16,0.013,0.013,0.013,0.017,0.017
1,5,12/3/2025,9:11:18,9:31:18,0.014,0.014,0.015,0.015,0.015
1,5,12/3/2025,9:11:20,9:31:20,0.014,0.014,0.015,0.015,0.015
1,5,12/3/2025,9:11:22,9:31:22,0.012,0.013,0.013,0.013,0.013
1,5,12/3/2025,9:11:24,9:31:24,0.013,0.013,0.014,0.014,0.014
1,5,12/3/2025,9:11:26,9:31:26,0.013,0.013,0.014,0.014,0.014
1,5,12/3/2025,9:11:28,9:31:28,0.014,0.014,0.016,0.017,0.017
1,5,12/3/2025,9:11:30,9:31:30,0.013,0.013,0.014,0.015,0.015
1,5,12/3/2025,9:11:32,9:31:32,0.014,0.014,0.015,0.016,0.016
1,5,12/3/2025,9:11:34,9:31:34,0.014,0.014,0.015,0.019,0.02
1,5,12/3/2025,9:11:36,9:31:36,0.012,0.012,0.013,0.015,0.037
1,5,12/3/2025,9:11:38,9:31:38,0.013,0.014,0.014,0.015,0.015
1,5,12/3/2025,9:11:40,9:31:40,0.012,0.012,0.014,0.018,0.018
1,5,12/3/2025,9:11:42,9:31:42,0.013,0.013,0.013,0.015,0.015
1,5,12/3/2025,9:11:44,9:31:44,0.013,0.013,0.014,0.016,0.016
1,5,12/3/2025,9:11:46,9:31:46,0.012,0.012,0.013,0.016,0.016
1,5,12/3/2025,9:11:48,9:31:48,0.015,0.015,0.016,0.018,0.018
1,5,12/3/2025,9:11:50,9:31:50,0.014,0.014,0.014,0.015,0.015
1,5,12/3/2025,9:11:52,9:31:52,0.012,0.012,0.013,0.013,0.013
1,5,12/3/2025,9:11:54,9:31:54,0.015,0.015,0.016,0.017,0.017
1,11,12/3/2025,9:13:36,9:33:36,0.011,0.011,0.012,0.012,0.012
1,11,12/3/2025,9:13:38,9:33:38,0.01,0.011,0.011,0.011,0.011
1,11,12/3/2025,9:13:40,9:33:40,0.011,0.012,0.012,0.012,0.012
1,11,12/3/2025,9:13:42,9:33:42,0.013,0.014,0.014,0.015,0.015
1,11,12/3/2025,9:13:44,9:33:44,0.012,0.012,0.013,0.014,0.014
1,11,12/3/2025,9:13:46,9:33:46,0.011,0.011,0.012,0.013,0.013
1,11,12/3/2025,9:13:48,9:33:48,0.012,0.012,0.012,0.013,0.015
1,11,12/3/2025,9:13:50,9:33:50,0.013,0.013,0.014,0.016,0.063
1,11,12/3/2025,9:13:52,9:33:52,0.014,0.014,0.015,0.018,0.018
1,11,12/3/2025,9:13:54,9:33:54,0.013,0.013,0.014,0.014,0.014
1,11,12/3/2025,9:13:56,9:33:56,0.012,0.012,0.012,0.012,0.012
1,11,12/3/2025,9:13:58,9:33:58,0.014,0.014,0.014,0.017,0.017
1,11,12/3/2025,9:14:00,9:34:00,0.014,0.014,0.015,0.017,0.017
1,11,12/3/2025,9:14:02,9:34:02,0.015,0.015,0.016,0.02,0.02
1,11,12/3/2025,9:14:04,9:34:04,0.015,0.015,0.017,0.017,0.028
1,11,12/3/2025,9:14:06,9:34:06,0.015,0.015,0.017,0.018,0.023
1,11,12/3/2025,9:14:08,9:34:08,0.014,0.015,0.016,0.017,0.017
1,11,12/3/2025,9:14:10,9:34:10,0.013,0.013,0.014,0.015,0.015
1,11,12/3/2025,9:14:12,9:34:12,0.013,0.013,0.014,0.015,0.015
1,11,12/3/2025,9:14:14,9:34:14,0.013,0.013,0.015,0.018,0.018
1,11,12/3/2025,9:14:16,9:34:16,0.015,0.015,0.016,0.022,0.022
1,11,12/3/2025,9:14:18,9:34:18,0.014,0.014,0.016,0.017,0.017
1,11,12/3/2025,9:14:20,9:34:20,0.017,0.017,0.018,0.021,0.024
1,11,12/3/2025,9:14:22,9:34:22,0.013,0.013,0.014,0.014,0.067
1,11,12/3/2025,9:14:24,9:34:24,0.017,0.017,0.018,0.02,0.051
1,11,12/3/2025,9:14:26,9:34:26,0.013,0.013,0.013,0.016,0.029
1,11,12/3/2025,9:14:28,9:34:28,0.013,0.013,0.014,0.016,0.016
1,11,12/3/2025,9:14:30,9:34:30,0.013,0.014,0.015,0.015,0.015
1,11,12/3/2025,9:14:32,9:34:32,0.014,0.014,0.015,0.016,0.016
1,11,12/3/2025,9:14:34,9:34:34,0.012,0.013,0.014,0.017,0.017
1,16,12/3/2025,9:16:39,9:36:39,0.009,0.009,0.01,0.011,0.011
1,16,12/3/2025,9:16:41,9:36:41,0.011,0.011,0.012,0.013,0.013
1,16,12/3/2025,9:16:43,9:36:43,0.012,0.013,0.013,0.014,0.014
1,16,12/3/2025,9:16:45,9:36:45,0.012,0.012,0.013,0.015,0.015
1,16,12/3/2025,9:16:47,9:36:47,0.012,0.012,0.013,0.016,0.016
1,16,12/3/2025,9:16:49,9:36:49,0.012,0.013,0.013,0.014,0.014
1,16,12/3/2025,9:16:51,9:36:51,0.015,0.016,0.018,0.018,0.02
1,16,12/3/2025,9:16:53,9:36:53,0.015,0.016,0.017,0.018,0.056
1,16,12/3/2025,9:16:55,9:36:55,0.013,0.013,0.014,0.015,0.015
1,16,12/3/2025,9:16:57,9:36:57,0.013,0.013,0.014,0.014,0.014
1,16,12/3/2025,9:16:59,9:36:59,0.013,0.013,0.014,0.015,0.015
1,16,12/3/2025,9:17:01,9:37:01,0.013,0.013,0.014,0.014,0.014
1,16,12/3/2025,9:17:03,9:37:03,0.012,0.013,0.013,0.015,0.015
1,16,12/3/2025,9:17:05,9:37:05,0.012,0.013,0.013,0.015,0.015
1,16,12/3/2025,9:17:07,9:37:07,0.013,0.013,0.014,0.015,0.015
1,16,12/3/2025,9:17:09,9:37:09,0.014,0.014,0.015,0.016,0.016
1,16,12/3/2025,9:17:11,9:37:11,0.014,0.014,0.016,0.017,0.017
1,16,12/3/2025,9:17:13,9:37:13,0.016,0.016,0.017,0.022,0.03
1,16,12/3/2025,9:17:15,9:37:15,0.014,0.014,0.015,0.016,0.016
1,16,12/3/2025,9:17:17,9:37:17,0.013,0.013,0.013,0.015,0.015
1,16,12/3/2025,9:17:19,9:37:19,0.013,0.013,0.014,0.015,0.015
1,16,12/3/2025,9:17:21,9:37:21,0.015,0.015,0.016,0.019,0.019
1,16,12/3/2025,9:17:23,9:37:23,0.013,0.013,0.014,0.015,0.015
1,16,12/3/2025,9:17:25,9:37:25,0.012,0.012,0.013,0.013,0.013
1,16,12/3/2025,9:17:27,9:37:27,0.012,0.012,0.013,0.013,0.013
1,16,12/3/2025,9:17:29,9:37:29,0.012,0.012,0.012,0.017,0.017
1,16,12/3/2025,9:17:31,9:37:31,0.013,0.014,0.015,0.016,0.016
1,16,12/3/2025,9:17:33,9:37:33,0.013,0.014,0.015,0.016,0.016
1,16,12/3/2025,9:17:35,9:37:35,0.013,0.013,0.014,0.014,0.014
1,16,12/3/2025,9:17:37,9:37:37,0.014,0.014,0.015,0.018,0.018
1,12,12/3/2025,9:19:38,9:39:38,0.009,0.009,0.009,0.011,0.011
1,12,12/3/2025,9:19:40,9:39:40,0.013,0.013,0.014,0.017,0.043
1,12,12/3/2025,9:19:42,9:39:42,0.012,0.012,0.012,0.014,0.025
1,12,12/3/2025,9:19:44,9:39:44,0.011,0.011,0.012,0.012,0.012
1,12,12/3/2025,9:19:46,9:39:46,0.011,0.012,0.012,0.012,0.012
1,12,12/3/2025,9:19:48,9:39:48,0.011,0.011,0.012,0.012,0.012
1,12,12/3/2025,9:19:50,9:39:50,0.014,0.014,0.014,0.016,0.016
1,12,12/3/2025,9:19:52,9:39:52,0.014,0.014,0.015,0.015,0.015
1,12,12/3/2025,9:19:54,9:39:54,0.014,0.014,0.015,0.016,0.016
1,12,12/3/2025,9:19:56,9:39:56,0.015,0.015,0.015,0.016,0.016
1,12,12/3/2025,9:19:58,9:39:58,0.014,0.014,0.016,0.016,0.016
1,12,12/3/2025,9:20:00,9:40:00,0.013,0.013,0.014,0.014,0.014
1,12,12/3/2025,9:20:02,9:40:02,0.014,0.014,0.014,0.015,0.015
1,12,12/3/2025,9:20:04,9:40:04,0.013,0.013,0.014,0.014,0.014
1,12,12/3/2025,9:20:06,9:40:06,0.016,0.016,0.017,0.018,0.018
1,12,12/3/2025,9:20:08,9:40:08,0.013,0.013,0.013,0.017,0.017
1,12,12/3/2025,9:20:10,9:40:10,0.014,0.014,0.016,0.016,0.016
1,12,12/3/2025,9:20:12,9:40:12,0.013,0.013,0.015,0.015,0.015
1,12,12/3/2025,9:20:14,9:40:14,0.013,0.013,0.014,0.016,0.016
1,12,12/3/2025,9:20:16,9:40:16,0.013,0.013,0.014,0.014,0.014
1,12,12/3/2025,9:20:18,9:40:18,0.015,0.015,0.016,0.019,0.019
1,12,12/3/2025,9:20:20,9:40:20,0.014,0.014,0.015,0.016,0.016
1,12,12/3/2025,9:20:22,9:40:22,0.013,0.014,0.014,0.015,0.015
1,12,12/3/2025,9:20:24,9:40:24,0.017,0.017,0.018,0.02,0.02
1,12,12/3/2025,9:20:26,9:40:26,0.013,0.013,0.014,0.018,0.018
1,12,12/3/2025,9:20:28,9:40:28,0.013,0.013,0.015,0.016,0.016
1,12,12/3/2025,9:20:30,9:40:30,0.012,0.013,0.013,0.015,0.015
1,12,12/3/2025,9:20:32,9:40:32,0.014,0.014,0.015,0.016,0.016
1,12,12/3/2025,9:20:34,9:40:34,0.014,0.014,0.015,0.015,0.015
1,12,12/3/2025,9:20:36,9:40:36,0.013,0.013,0.014,0.014,0.014
1,6,12/3/2025,9:22:20,9:42:20,0.009,0.009,0.01,0.01,0.01
1,6,12/3/2025,9:22:22,9:42:22,0.011,0.012,0.012,0.012,0.012
1,6,12/3/2025,9:22:24,9:42:24,0.013,0.013,0.014,0.015,0.015
1,6,12/3/2025,9:22:26,9:42:26,0.014,0.014,0.015,0.015,0.015
1,6,12/3/2025,9:22:28,9:42:28,0.017,0.017,0.017,0.018,0.018
1,6,12/3/2025,9:22:30,9:42:30,0.014,0.014,0.015,0.018,0.018
1,6,12/3/2025,9:22:32,9:42:32,0.012,0.012,0.013,0.014,0.014
1,6,12/3/2025,9:22:34,9:42:34,0.007,0.007,0.007,0.007,0.007
1,6,12/3/2025,9:22:36,9:42:36,0.011,0.011,0.011,0.014,0.014
1,6,12/3/2025,9:22:38,9:42:38,0.02,0.02,0.021,0.023,0.023
1,6,12/3/2025,9:22:40,9:42:40,0.013,0.013,0.015,0.022,0.022
1,6,12/3/2025,9:22:42,9:42:42,0.009,0.01,0.011,0.011,0.011
1,6,12/3/2025,9:22:44,9:42:44,0.014,0.014,0.015,0.015,0.015
1,6,12/3/2025,9:22:46,9:42:46,0.015,0.015,0.015,0.015,0.015
1,6,12/3/2025,9:22:48,9:42:48,0.011,0.011,0.011,0.012,0.012
1,6,12/3/2025,9:22:50,9:42:50,0.014,0.014,0.015,0.021,0.021
1,6,12/3/2025,9:22:52,9:42:52,0.015,0.015,0.016,0.022,0.031
1,6,12/3/2025,9:22:54,9:42:54,0.016,0.017,0.018,0.019,0.034
1,6,12/3/2025,9:22:56,9:42:56,0.013,0.014,0.014,0.016,0.022
1,6,12/3/2025,9:22:58,9:42:58,0.013,0.014,0.014,0.016,0.028
1,6,12/3/2025,9:23:00,9:43:00,0.012,0.012,0.013,0.014,0.019
1,6,12/3/2025,9:23:02,9:43:02,0.016,0.016,0.016,0.017,0.017
1,6,12/3/2025,9:23:04,9:43:04,0.013,0.013,0.013,0.013,0.013
1,6,12/3/2025,9:23:06,9:43:06,0.013,0.013,0.014,0.014,0.014
1,6,12/3/2025,9:23:08,9:43:08,0.011,0.011,0.012,0.012,0.012
1,6,12/3/2025,9:23:10,9:43:10,0.009,0.009,0.01,0.011,0.011
1,6,12/3/2025,9:23:12,9:43:12,0.016,0.017,0.018,0.02,0.02
1,6,12/3/2025,9:23:14,9:43:14,0.013,0.013,0.013,0.017,0.017
1,6,12/3/2025,9:23:16,9:43:16,0.011,0.011,0.012,0.012,0.012
1,6,12/3/2025,9:23:18,9:43:18,0.012,0.012,0.013,0.013,0.013
1,2,12/3/2025,9:28:18,9:48:18,0.01,0.01,0.011,0.011,0.011
1,2,12/3/2025,9:28:20,9:48:20,0.01,0.01,0.011,0.011,0.011
1,2,12/3/2025,9:28:22,9:48:22,0.011,0.011,0.012,0.012,0.012
1,2,12/3/2025,9:28:24,9:48:24,0.014,0.014,0.015,0.018,0.018
1,2,12/3/2025,9:28:26,9:48:26,0.011,0.012,0.012,0.014,0.014
1,2,12/3/2025,9:28:28,9:48:28,0.012,0.012,0.013,0.014,0.014
1,2,12/3/2025,9:28:30,9:48:30,0.013,0.013,0.013,0.02,0.02
1,2,12/3/2025,9:28:32,9:48:32,0.013,0.014,0.015,0.024,0.024
1,2,12/3/2025,9:28:34,9:48:34,0.013,0.013,0.014,0.015,0.015
1,2,12/3/2025,9:28:36,9:48:36,0.012,0.012,0.013,0.014,0.014
1,2,12/3/2025,9:28:38,9:48:38,0.012,0.013,0.014,0.014,0.014
1,2,12/3/2025,9:28:40,9:48:40,0.012,0.012,0.013,0.015,0.015
1,2,12/3/2025,9:28:42,9:48:42,0.011,0.011,0.012,0.012,0.012
1,2,12/3/2025,9:28:44,9:48:44,0.012,0.012,0.012,0.014,0.014
1,2,12/3/2025,9:28:46,9:48:46,0.064,0.064,0.065,0.067,0.109
1,2,12/3/2025,9:28:48,9:48:48,0.021,0.021,0.023,0.029,0.119
1,2,12/3/2025,9:28:50,9:48:50,0.016,0.016,0.017,0.019,0.03
1,2,12/3/2025,9:28:52,9:48:52,0.015,0.015,0.016,0.02,0.04
1,2,12/3/2025,9:28:54,9:48:54,0.012,0.013,0.014,0.015,0.015
1,2,12/3/2025,9:28:56,9:48:56,0.012,0.012,0.012,0.012,0.012
1,2,12/3/2025,9:28:58,9:48:58,0.013,0.013,0.015,0.015,0.015
1,2,12/3/2025,9:29:00,9:49:00,0.015,0.015,0.016,0.017,0.017
1,2,12/3/2025,9:29:02,9:49:02,0.013,0.014,0.015,0.015,0.015
1,2,12/3/2025,9:29:04,9:49:04,0.013,0.013,0.016,0.019,0.025
1,2,12/3/2025,9:29:06,9:49:06,0.012,0.013,0.014,0.016,0.019
1,2,12/3/2025,9:29:08,9:49:08,0.013,0.014,0.014,0.015,0.015
1,2,12/3/2025,9:29:10,9:49:10,0.015,0.015,0.016,0.016,0.027
1,2,12/3/2025,9:29:12,9:49:12,0.014,0.014,0.015,0.015,0.015
1,2,12/3/2025,9:29:14,9:49:14,0.015,0.016,0.017,0.019,0.019
1,2,12/3/2025,9:29:16,9:49:16,0.013,0.013,0.014,0.016,0.016
1,3,12/3/2025,9:31:36,9:51:36,0.012,0.012,0.013,0.019,0.019
1,3,12/3/2025,9:31:38,9:51:38,0.013,0.013,0.015,0.019,0.019
1,3,12/3/2025,9:31:40,9:51:40,0.012,0.012,0.013,0.014,0.014
1,3,12/3/2025,9:31:42,9:51:42,0.012,0.012,0.013,0.014,0.014
1,3,12/3/2025,9:31:44,9:51:44,0.013,0.013,0.014,0.014,0.014
1,3,12/3/2025,9:31:46,9:51:46,0.013,0.013,0.013,0.013,0.013
1,3,12/3/2025,9:31:48,9:51:48,0.015,0.015,0.016,0.019,0.019
1,3,12/3/2025,9:31:50,9:51:50,0.015,0.015,0.016,0.017,0.017
1,3,12/3/2025,9:31:52,9:51:52,0.013,0.013,0.014,0.014,0.014
1,3,12/3/2025,9:31:54,9:51:54,0.013,0.013,0.013,0.013,0.013
1,3,12/3/2025,9:31:56,9:51:56,0.015,0.015,0.015,0.016,0.018
1,3,12/3/2025,9:31:58,9:51:58,0.014,0.014,0.015,0.015,0.043
1,3,12/3/2025,9:32:00,9:52:00,0.014,0.014,0.015,0.015,0.015
1,3,12/3/2025,9:32:02,9:52:02,0.013,0.014,0.015,0.015,0.015
1,3,12/3/2025,9:32:04,9:52:04,0.014,0.014,0.015,0.015,0.015
1,3,12/3/2025,9:32:06,9:52:06,0.016,0.016,0.017,0.021,0.021
1,3,12/3/2025,9:32:08,9:52:08,0.015,0.015,0.016,0.018,0.018
1,3,12/3/2025,9:32:10,9:52:10,0.014,0.014,0.015,0.015,0.015
1,3,12/3/2025,9:32:12,9:52:12,0.014,0.014,0.015,0.019,0.019
1,3,12/3/2025,9:32:14,9:52:14,0.014,0.014,0.015,0.018,0.018
1,3,12/3/2025,9:32:16,9:52:16,0.015,0.015,0.016,0.023,0.024
1,3,12/3/2025,9:32:18,9:52:18,0.015,0.015,0.017,0.022,0.03
1,3,12/3/2025,9:32:20,9:52:20,0.014,0.014,0.015,0.02,0.022
1,3,12/3/2025,9:32:22,9:52:22,0.014,0.015,0.015,0.016,0.068
1,3,12/3/2025,9:32:24,9:52:24,0.014,0.014,0.015,0.015,0.015
1,3,12/3/2025,9:32:26,9:52:26,0.015,0.015,0.016,0.018,0.018
1,3,12/3/2025,9:32:28,9:52:28,0.014,0.014,0.015,0.015,0.015
1,3,12/3/2025,9:32:30,9:52:30,0.013,0.014,0.014,0.015,0.015
1,3,12/3/2025,9:32:32,9:52:32,0.013,0.014,0.014,0.015,0.015
1,3,12/3/2025,9:32:34,9:52:34,0.014,0.015,0.015,0.018,0.018
1,7,12/3/2025,9:34:14,9:54:14,0.011,0.011,0.012,0.013,0.013
1,7,12/3/2025,9:34:16,9:54:16,0.012,0.012,0.012,0.014,0.014
1,7,12/3/2025,9:34:18,9:54:18,0.013,0.013,0.014,0.018,0.018
1,7,12/3/2025,9:34:20,9:54:20,0.015,0.016,0.016,0.018,0.034
1,7,12/3/2025,9:34:22,9:54:22,0.014,0.014,0.015,0.019,0.025
1,7,12/3/2025,9:34:24,9:54:24,0.014,0.014,0.016,0.017,0.017
1,7,12/3/2025,9:34:26,9:54:26,0.014,0.014,0.014,0.017,0.017
1,7,12/3/2025,9:34:28,9:54:28,0.013,0.013,0.014,0.014,0.014
1,7,12/3/2025,9:34:30,9:54:30,0.013,0.013,0.014,0.015,0.015
1,7,12/3/2025,9:34:32,9:54:32,0.014,0.014,0.015,0.016,0.016
1,7,12/3/2025,9:34:34,9:54:34,0.013,0.013,0.015,0.016,0.016
1,7,12/3/2025,9:34:36,9:54:36,0.012,0.012,0.013,0.014,0.014
1,7,12/3/2025,9:34:38,9:54:38,0.012,0.012,0.013,0.013,0.013
1,7,12/3/2025,9:34:40,9:54:40,0.013,0.013,0.014,0.015,0.015
1,7,12/3/2025,9:34:42,9:54:42,0.015,0.015,0.016,0.022,0.022
1,7,12/3/2025,9:34:44,9:54:44,0.046,0.046,0.048,0.051,0.09
1,7,12/3/2025,9:34:46,9:54:46,0.012,0.012,0.013,0.015,0.031
1,7,12/3/2025,9:34:48,9:54:48,0.014,0.014,0.015,0.017,0.017
1,7,12/3/2025,9:34:50,9:54:50,0.015,0.015,0.017,0.019,0.019
1,7,12/3/2025,9:34:52,9:54:52,0.013,0.013,0.014,0.016,0.016
1,7,12/3/2025,9:34:54,9:54:54,0.013,0.013,0.014,0.014,0.014
1,7,12/3/2025,9:34:56,9:54:56,0.012,0.012,0.013,0.014,0.014
1,7,12/3/2025,9:34:58,9:54:58,0.014,0.014,0.014,0.015,0.015
1,7,12/3/2025,9:35:00,9:55:00,0.014,0.014,0.015,0.016,0.016
1,7,12/3/2025,9:35:02,9:55:02,0.013,0.013,0.014,0.015,0.015
1,7,12/3/2025,9:35:04,9:55:04,0.014,0.014,0.015,0.016,0.016
1,7,12/3/2025,9:35:06,9:55:06,0.014,0.014,0.015,0.016,0.016
1,7,12/3/2025,9:35:08,9:55:08,0.014,0.014,0.016,0.016,0.016
1,7,12/3/2025,9:35:10,9:55:10,0.015,0.015,0.017,0.018,0.018
1,7,12/3/2025,9:35:12,9:55:12,0.017,0.017,0.019,0.024,0.024
2,8,12/3/2025,13:05:27,13:25:27,0.008,0.008,0.008,0.008,0.008
2,8,12/3/2025,13:05:29,13:25:29,0.015,0.015,0.015,0.019,0.019
2,8,12/3/2025,13:05:31,13:25:31,0.011,0.011,0.011,0.012,0.012
2,8,12/3/2025,13:05:33,13:25:33,0.01,0.01,0.01,0.014,0.014
2,8,12/3/2025,13:05:35,13:25:35,0,0,0.001,0.004,0.004
2,8,12/3/2025,13:05:37,13:25:37,0.014,0.014,0.015,0.021,0.021
2,8,12/3/2025,13:05:39,13:25:39,0.014,0.014,0.014,0.014,0.016
2,8,12/3/2025,13:05:41,13:25:41,0.01,0.01,0.01,0.01,0.058
2,8,12/3/2025,13:05:43,13:25:43,0.009,0.009,0.01,0.013,0.013
2,8,12/3/2025,13:05:45,13:25:45,0.01,0.01,0.01,0.011,0.011
2,8,12/3/2025,13:05:47,13:25:47,0.011,0.011,0.012,0.012,0.012
2,8,12/3/2025,13:05:49,13:25:49,0.012,0.012,0.012,0.012,0.012
2,8,12/3/2025,13:05:51,13:25:51,0.01,0.011,0.011,0.011,0.011
2,8,12/3/2025,13:05:53,13:25:53,0.01,0.011,0.011,0.011,0.011
2,8,12/3/2025,13:05:55,13:25:55,0.01,0.011,0.012,0.012,0.012
2,8,12/3/2025,13:05:57,13:25:57,0.01,0.01,0.012,0.012,0.012
2,8,12/3/2025,13:05:59,13:25:59,0.011,0.011,0.011,0.011,0.011
2,8,12/3/2025,13:06:01,13:26:01,0.01,0.01,0.011,0.012,0.012
2,8,12/3/2025,13:06:03,13:26:03,0.008,0.008,0.008,0.009,0.009
2,8,12/3/2025,13:06:05,13:26:05,0.007,0.007,0.007,0.008,0.008
2,8,12/3/2025,13:06:07,13:26:07,0.01,0.01,0.011,0.012,0.012
2,8,12/3/2025,13:06:09,13:26:09,0.006,0.006,0.007,0.008,0.008
2,8,12/3/2025,13:06:11,13:26:11,0.01,0.01,0.011,0.012,0.012
2,8,12/3/2025,13:06:13,13:26:13,0.011,0.011,0.011,0.012,0.018
2,8,12/3/2025,13:06:15,13:26:15,0.006,0.007,0.007,0.009,0.011
2,8,12/3/2025,13:06:17,13:26:17,0.011,0.011,0.012,0.015,0.015
2,8,12/3/2025,13:06:19,13:26:19,0.011,0.011,0.011,0.012,0.012
2,8,12/3/2025,13:06:21,13:26:21,0.01,0.01,0.011,0.016,0.016
2,8,12/3/2025,13:06:23,13:26:23,0.008,0.008,0.009,0.009,0.009
2,8,12/3/2025,13:06:25,13:26:25,0.005,0.005,0.005,0.005,0.005
2,13,12/3/2025,13:10:19,13:30:19,0.006,0.006,0.006,0.006,0.006
2,13,12/3/2025,13:10:21,13:30:21,0,0,0,0.001,0.001
2,13,12/3/2025,13:10:23,13:30:23,0.007,0.007,0.008,0.008,0.008
2,13,12/3/2025,13:10:25,13:30:25,0.006,0.006,0.007,0.007,0.007
2,13,12/3/2025,13:10:27,13:30:27,0.006,0.006,0.006,0.006,0.006
2,13,12/3/2025,13:10:29,13:30:29,0.008,0.008,0.008,0.008,0.008
2,13,12/3/2025,13:10:31,13:30:31,0.007,0.007,0.008,0.008,0.008
2,13,12/3/2025,13:10:33,13:30:33,0.008,0.008,0.009,0.009,0.009
2,13,12/3/2025,13:10:35,13:30:35,0.007,0.007,0.008,0.008,0.008
2,13,12/3/2025,13:10:37,13:30:37,0.008,0.008,0.009,0.01,0.01
2,13,12/3/2025,13:10:39,13:30:39,0.008,0.008,0.01,0.01,0.011
2,13,12/3/2025,13:10:41,13:30:41,0.009,0.009,0.009,0.015,0.029
2,13,12/3/2025,13:10:43,13:30:43,0.01,0.01,0.01,0.011,0.011
2,13,12/3/2025,13:10:45,13:30:45,0.009,0.009,0.01,0.01,0.01
2,13,12/3/2025,13:10:47,13:30:47,0.009,0.009,0.009,0.009,0.009
2,13,12/3/2025,13:10:49,13:30:49,0.009,0.009,0.01,0.01,0.01
2,13,12/3/2025,13:10:51,13:30:51,0.009,0.009,0.01,0.01,0.01
2,13,12/3/2025,13:10:53,13:30:53,0.011,0.011,0.012,0.013,0.013
2,13,12/3/2025,13:10:55,13:30:55,0.011,0.011,0.011,0.013,0.013
2,13,12/3/2025,13:10:57,13:30:57,0.011,0.011,0.011,0.012,0.012
2,13,12/3/2025,13:10:59,13:30:59,0.01,0.01,0.011,0.011,0.011
2,13,12/3/2025,13:11:01,13:31:01,0.012,0.012,0.013,0.013,0.013
2,13,12/3/2025,13:11:03,13:31:03,0.01,0.01,0.011,0.011,0.011
2,13,12/3/2025,13:11:05,13:31:05,0.011,0.011,0.011,0.011,0.023
2,13,12/3/2025,13:11:07,13:31:07,0.011,0.011,0.011,0.012,0.037
2,13,12/3/2025,13:11:09,13:31:09,0.014,0.014,0.014,0.016,0.016
2,13,12/3/2025,13:11:11,13:31:11,0.012,0.013,0.013,0.015,0.015
2,13,12/3/2025,13:11:13,13:31:13,0.011,0.011,0.012,0.012,0.012
2,13,12/3/2025,13:11:15,13:31:15,0.014,0.014,0.014,0.018,0.018
2,13,12/3/2025,13:11:17,13:31:17,0.013,0.013,0.013,0.015,0.015
2,17,12/3/2025,13:12:55,13:32:55,0.011,0.011,0.011,0.014,0.014
2,17,12/3/2025,13:12:57,13:32:57,0.014,0.014,0.014,0.019,0.019
2,17,12/3/2025,13:12:59,13:32:59,0.01,0.01,0.011,0.017,0.017
2,17,12/3/2025,13:13:01,13:33:01,0.012,0.012,0.012,0.013,0.013
2,17,12/3/2025,13:13:03,13:33:03,0.011,0.011,0.012,0.012,0.012
2,17,12/3/2025,13:13:05,13:33:05,0.014,0.014,0.014,0.015,0.015
2,17,12/3/2025,13:13:07,13:33:07,0.009,0.009,0.009,0.01,0.019
2,17,12/3/2025,13:13:09,13:33:09,0.013,0.013,0.014,0.015,0.015
2,17,12/3/2025,13:13:11,13:33:11,0.012,0.013,0.013,0.014,0.014
2,17,12/3/2025,13:13:13,13:33:13,0.012,0.012,0.013,0.013,0.019
2,17,12/3/2025,13:13:15,13:33:15,0.01,0.01,0.01,0.01,0.013
2,17,12/3/2025,13:13:17,13:33:17,0.011,0.011,0.011,0.011,0.011
2,17,12/3/2025,13:13:19,13:33:19,0.013,0.013,0.014,0.015,0.015
2,17,12/3/2025,13:13:21,13:33:21,0.011,0.011,0.011,0.012,0.012
2,17,12/3/2025,13:13:23,13:33:23,0.011,0.011,0.012,0.012,0.012
2,17,12/3/2025,13:13:25,13:33:25,0.012,0.012,0.012,0.014,0.014
2,17,12/3/2025,13:13:27,13:33:27,0.013,0.013,0.014,0.015,0.015
2,17,12/3/2025,13:13:29,13:33:29,0.016,0.016,0.017,0.018,0.018
2,17,12/3/2025,13:13:31,13:33:31,0.016,0.016,0.017,0.019,0.019
2,17,12/3/2025,13:13:33,13:33:33,0.011,0.011,0.011,0.013,0.013
2,17,12/3/2025,13:13:35,13:33:35,0.011,0.011,0.011,0.012,0.012
2,17,12/3/2025,13:13:37,13:33:37,0.015,0.015,0.015,0.016,0.016
2,17,12/3/2025,13:13:39,13:33:39,0.013,0.013,0.014,0.014,0.014
2,17,12/3/2025,13:13:41,13:33:41,0.013,0.013,0.014,0.014,0.014
2,17,12/3/2025,13:13:43,13:33:43,0.012,0.012,0.013,0.014,0.014
2,17,12/3/2025,13:13:45,13:33:45,0.013,0.013,0.014,0.018,0.018
2,17,12/3/2025,13:13:47,13:33:47,0.015,0.015,0.016,0.021,0.021
2,17,12/3/2025,13:13:49,13:33:49,0.012,0.012,0.013,0.014,0.014
2,17,12/3/2025,13:13:51,13:33:51,0.014,0.014,0.016,0.017,0.02
2,17,12/3/2025,13:13:53,13:33:53,0.015,0.015,0.016,0.018,0.069
2,20,12/3/2025,13:16:01,13:36:01,0.007,0.007,0.007,0.013,0.036
2,20,12/3/2025,13:16:03,13:36:03,0.009,0.009,0.01,0.012,0.013
2,20,12/3/2025,13:16:05,13:36:05,0.013,0.013,0.013,0.015,0.034
2,20,12/3/2025,13:16:07,13:36:07,0.013,0.013,0.014,0.026,0.026
2,20,12/3/2025,13:16:09,13:36:09,0.011,0.011,0.011,0.02,0.02
2,20,12/3/2025,13:16:11,13:36:11,0.016,0.016,0.017,0.02,0.036
2,20,12/3/2025,13:16:13,13:36:13,0.015,0.015,0.016,0.019,0.081
2,20,12/3/2025,13:16:15,13:36:15,0.018,0.018,0.019,0.024,0.03
2,20,12/3/2025,13:16:17,13:36:17,0.023,0.023,0.024,0.031,0.119
2,20,12/3/2025,13:16:19,13:36:19,0.016,0.016,0.016,0.018,0.062
2,20,12/3/2025,13:16:21,13:36:21,0.011,0.011,0.012,0.017,0.017
2,20,12/3/2025,13:16:23,13:36:23,0.011,0.011,0.012,0.017,0.042
2,20,12/3/2025,13:16:25,13:36:25,0.01,0.011,0.011,0.016,0.027
2,20,12/3/2025,13:16:27,13:36:27,0.011,0.011,0.012,0.017,0.034
2,20,12/3/2025,13:16:29,13:36:29,0.016,0.016,0.016,0.027,0.084
2,20,12/3/2025,13:16:31,13:36:31,0.012,0.012,0.012,0.017,0.027
2,20,12/3/2025,13:16:33,13:36:33,0.011,0.011,0.012,0.015,0.019
2,20,12/3/2025,13:16:35,13:36:35,0.014,0.014,0.015,0.017,0.025
2,20,12/3/2025,13:16:37,13:36:37,0.014,0.014,0.015,0.017,0.071
2,20,12/3/2025,13:16:39,13:36:39,0.011,0.011,0.012,0.018,0.018
2,20,12/3/2025,13:16:41,13:36:41,0.009,0.009,0.01,0.02,0.02
2,20,12/3/2025,13:16:43,13:36:43,0.01,0.01,0.01,0.011,0.011
2,20,12/3/2025,13:16:45,13:36:45,0.011,0.011,0.011,0.017,0.017
2,20,12/3/2025,13:16:47,13:36:47,0.009,0.009,0.01,0.011,0.011
2,20,12/3/2025,13:16:49,13:36:49,0.009,0.009,0.009,0.013,0.013
2,20,12/3/2025,13:16:51,13:36:51,0.01,0.01,0.011,0.012,0.017
2,20,12/3/2025,13:16:53,13:36:53,0.01,0.01,0.011,0.011,0.014
2,20,12/3/2025,13:16:55,13:36:55,0.01,0.01,0.01,0.01,0.01
2,20,12/3/2025,13:16:57,13:36:57,0.02,0.02,0.021,0.021,0.031
2,20,12/3/2025,13:16:59,13:36:59,0.015,0.015,0.016,0.018,0.07
2,22,12/3/2025,13:19:19,13:39:19,0.02,0.02,0.021,0.027,0.027
2,22,12/3/2025,13:19:21,13:39:21,0.02,0.02,0.021,0.032,0.032
2,22,12/3/2025,13:19:23,13:39:23,0.027,0.027,0.027,0.031,0.047
2,22,12/3/2025,13:19:25,13:39:25,0.024,0.024,0.025,0.028,0.082
2,22,12/3/2025,13:19:27,13:39:27,0.024,0.024,0.024,0.027,0.083
2,22,12/3/2025,13:19:29,13:39:29,0.027,0.027,0.029,0.037,0.108
2,22,12/3/2025,13:19:31,13:39:31,0.02,0.02,0.021,0.028,0.028
2,22,12/3/2025,13:19:33,13:39:33,0.018,0.019,0.019,0.025,0.025
2,22,12/3/2025,13:19:35,13:39:35,0.018,0.018,0.019,0.023,0.023
2,22,12/3/2025,13:19:37,13:39:37,0.02,0.02,0.021,0.028,0.047
2,22,12/3/2025,13:19:39,13:39:39,0.041,0.041,0.044,0.063,0.144
2,22,12/3/2025,13:19:41,13:39:41,0.017,0.017,0.018,0.026,0.092
2,22,12/3/2025,13:19:43,13:39:43,0.016,0.016,0.017,0.02,0.035
2,22,12/3/2025,13:19:45,13:39:45,0.013,0.013,0.013,0.015,0.015
2,22,12/3/2025,13:19:47,13:39:47,0.014,0.014,0.014,0.02,0.02
2,22,12/3/2025,13:19:49,13:39:49,0.014,0.014,0.014,0.017,0.022
2,22,12/3/2025,13:19:51,13:39:51,0.011,0.012,0.012,0.014,0.016
2,22,12/3/2025,13:19:53,13:39:53,0.014,0.014,0.014,0.018,0.021
2,22,12/3/2025,13:19:55,13:39:55,0.014,0.014,0.015,0.018,0.07
2,22,12/3/2025,13:19:57,13:39:57,0.009,0.009,0.01,0.013,0.013
2,22,12/3/2025,13:19:59,13:39:59,0.009,0.009,0.01,0.011,0.011
2,22,12/3/2025,13:20:01,13:40:01,0.009,0.009,0.01,0.01,0.01
2,22,12/3/2025,13:20:03,13:40:03,0.01,0.01,0.011,0.011,0.016
2,22,12/3/2025,13:20:05,13:40:05,0.009,0.009,0.01,0.01,0.012
2,22,12/3/2025,13:20:07,13:40:07,0.009,0.009,0.009,0.013,0.013
2,22,12/3/2025,13:20:09,13:40:09,0.01,0.01,0.01,0.011,0.011
2,22,12/3/2025,13:20:11,13:40:11,0.012,0.012,0.012,0.019,0.02
2,22,12/3/2025,13:20:13,13:40:13,0.014,0.014,0.014,0.017,0.041
2,22,12/3/2025,13:20:15,13:40:15,0.013,0.013,0.013,0.015,0.022
2,22,12/3/2025,13:20:17,13:40:17,0.012,0.012,0.013,0.019,0.02
2,24,12/3/2025,13:21:45,13:41:45,0.015,0.015,0.016,0.02,0.073
2,24,12/3/2025,13:21:47,13:41:47,0.017,0.017,0.018,0.021,0.023
2,24,12/3/2025,13:21:49,13:41:49,0.091,0.091,0.092,0.095,0.101
2,24,12/3/2025,13:21:51,13:41:51,0.039,0.039,0.04,0.044,0.049
2,24,12/3/2025,13:21:53,13:41:53,0.024,0.025,0.025,0.029,0.077
2,24,12/3/2025,13:21:55,13:41:55,0.023,0.023,0.023,0.028,0.028
2,24,12/3/2025,13:21:57,13:41:57,0.022,0.022,0.022,0.024,0.024
2,24,12/3/2025,13:21:59,13:41:59,0.01,0.01,0.011,0.019,0.027
2,24,12/3/2025,13:22:01,13:42:01,0.018,0.018,0.018,0.022,0.022
2,24,12/3/2025,13:22:03,13:42:03,0.01,0.01,0.011,0.011,0.011
2,24,12/3/2025,13:22:05,13:42:05,0.009,0.009,0.01,0.011,0.011
2,24,12/3/2025,13:22:07,13:42:07,0.007,0.007,0.007,0.008,0.008
2,24,12/3/2025,13:22:09,13:42:09,0.01,0.01,0.01,0.011,0.011
2,24,12/3/2025,13:22:11,13:42:11,0.008,0.008,0.008,0.009,0.009
2,24,12/3/2025,13:22:13,13:42:13,0.02,0.02,0.02,0.021,0.021
2,24,12/3/2025,13:22:15,13:42:15,0.012,0.012,0.012,0.015,0.015
2,24,12/3/2025,13:22:17,13:42:17,0.013,0.013,0.013,0.017,0.055
2,24,12/3/2025,13:22:19,13:42:19,0.01,0.01,0.01,0.012,0.028
2,24,12/3/2025,13:22:21,13:42:21,0.008,0.008,0.008,0.01,0.01
2,24,12/3/2025,13:22:23,13:42:23,0.009,0.009,0.01,0.011,0.011
2,24,12/3/2025,13:22:25,13:42:25,0.008,0.008,0.008,0.009,0.009
2,24,12/3/2025,13:22:27,13:42:27,0.009,0.01,0.01,0.01,0.011
2,24,12/3/2025,13:22:29,13:42:29,0.008,0.008,0.008,0.008,0.016
2,24,12/3/2025,13:22:31,13:42:31,0.009,0.009,0.01,0.011,0.011
2,24,12/3/2025,13:22:33,13:42:33,0.011,0.011,0.012,0.016,0.016
2,24,12/3/2025,13:22:35,13:42:35,0.01,0.01,0.011,0.011,0.011
2,24,12/3/2025,13:22:37,13:42:37,0.011,0.011,0.011,0.014,0.021
2,24,12/3/2025,13:22:39,13:42:39,0.006,0.006,0.007,0.008,0.011
2,24,12/3/2025,13:22:41,13:42:41,0.011,0.011,0.011,0.011,0.011
2,24,12/3/2025,13:22:43,13:42:43,0.008,0.008,0.008,0.008,0.008
2,26,12/3/2025,13:24:26,13:44:26,0.012,0.012,0.012,0.019,0.019
2,26,12/3/2025,13:24:28,13:44:28,0.008,0.008,0.008,0.013,0.013
2,26,12/3/2025,13:24:30,13:44:30,0.012,0.012,0.013,0.014,0.014
2,26,12/3/2025,13:24:32,13:44:32,0.016,0.016,0.016,0.023,0.023
2,26,12/3/2025,13:24:34,13:44:34,0.007,0.007,0.008,0.008,0.008
2,26,12/3/2025,13:24:36,13:44:36,0.007,0.008,0.008,0.008,0.008
2,26,12/3/2025,13:24:38,13:44:38,0.011,0.011,0.011,0.011,0.013
2,26,12/3/2025,13:24:40,13:44:40,0.012,0.012,0.012,0.024,0.052
2,26,12/3/2025,13:24:42,13:44:42,0.015,0.015,0.015,0.019,0.019
2,26,12/3/2025,13:24:44,13:44:44,0.023,0.023,0.024,0.024,0.062
2,26,12/3/2025,13:24:46,13:44:46,0.008,0.008,0.008,0.01,0.026
2,26,12/3/2025,13:24:48,13:44:48,0.008,0.008,0.009,0.009,0.009
2,26,12/3/2025,13:24:50,13:44:50,0.009,0.009,0.009,0.01,0.01
2,26,12/3/2025,13:24:52,13:44:52,0.007,0.008,0.008,0.01,0.01
2,26,12/3/2025,13:24:54,13:44:54,0.008,0.009,0.009,0.009,0.009
2,26,12/3/2025,13:24:56,13:44:56,0.008,0.008,0.008,0.009,0.009
2,26,12/3/2025,13:24:58,13:44:58,0.009,0.009,0.009,0.01,0.01
2,26,12/3/2025,13:25:00,13:45:00,0.008,0.008,0.008,0.009,0.009
2,26,12/3/2025,13:25:02,13:45:02,0.008,0.008,0.008,0.008,0.008
2,26,12/3/2025,13:25:04,13:45:04,0.009,0.009,0.009,0.011,0.011
2,26,12/3/2025,13:25:06,13:45:06,0.01,0.01,0.011,0.011,0.026
2,26,12/3/2025,13:25:08,13:45:08,0.008,0.008,0.009,0.009,0.015
2,26,12/3/2025,13:25:10,13:45:10,0.008,0.008,0.008,0.009,0.009
2,26,12/3/2025,13:25:12,13:45:12,0.009,0.009,0.009,0.01,0.01
2,26,12/3/2025,13:25:14,13:45:14,0.009,0.009,0.01,0.011,0.011
2,26,12/3/2025,13:25:16,13:45:16,0.008,0.008,0.008,0.01,0.01
2,26,12/3/2025,13:25:18,13:45:18,0.009,0.009,0.009,0.012,0.012
2,26,12/3/2025,13:25:20,13:45:20,0.007,0.007,0.007,0.008,0.008
2,26,12/3/2025,13:25:22,13:45:22,0.008,0.008,0.008,0.012,0.012
2,26,12/3/2025,13:25:24,13:45:24,0.008,0.008,0.009,0.01,0.01
2,29,12/3/2025,13:28:03,13:48:03,0.008,0.008,0.008,0.01,0.01
2,29,12/3/2025,13:28:05,13:48:05,0.009,0.009,0.01,0.013,0.013
2,29,12/3/2025,13:28:07,13:48:07,0.01,0.01,0.011,0.013,0.013
2,29,12/3/2025,13:28:09,13:48:09,0.01,0.01,0.011,0.012,0.012
2,29,12/3/2025,13:28:11,13:48:11,0.011,0.012,0.012,0.016,0.016
2,29,12/3/2025,13:28:13,13:48:13,0.011,0.011,0.012,0.014,0.014
2,29,12/3/2025,13:28:15,13:48:15,0.01,0.01,0.011,0.012,0.012
2,29,12/3/2025,13:28:17,13:48:17,0.006,0.006,0.007,0.008,0.016
2,29,12/3/2025,13:28:19,13:48:19,0.002,0.002,0.003,0.004,0.004
2,29,12/3/2025,13:28:21,13:48:21,0.008,0.008,0.008,0.009,0.009
2,29,12/3/2025,13:28:23,13:48:23,0.008,0.008,0.009,0.016,0.016
2,29,12/3/2025,13:28:25,13:48:25,0.008,0.008,0.008,0.012,0.012
2,29,12/3/2025,13:28:27,13:48:27,0.008,0.008,0.008,0.008,0.008
2,29,12/3/2025,13:28:29,13:48:29,0.009,0.009,0.01,0.01,0.01
2,29,12/3/2025,13:28:31,13:48:31,0.011,0.011,0.011,0.02,0.02
2,29,12/3/2025,13:28:33,13:48:33,0.008,0.008,0.009,0.012,0.012
2,29,12/3/2025,13:28:35,13:48:35,0.013,0.013,0.013,0.013,0.013
2,29,12/3/2025,13:28:37,13:48:37,0.006,0.006,0.006,0.006,0.006
2,29,12/3/2025,13:28:39,13:48:39,0.009,0.009,0.009,0.014,0.014
2,29,12/3/2025,13:28:41,13:48:41,0.009,0.009,0.009,0.011,0.011
2,29,12/3/2025,13:28:43,13:48:43,0.009,0.009,0.01,0.01,0.01
2,29,12/3/2025,13:28:45,13:48:45,0.009,0.01,0.01,0.011,0.011
2,29,12/3/2025,13:28:47,13:48:47,0.009,0.009,0.009,0.01,0.01
2,29,12/3/2025,13:28:49,13:48:49,0.008,0.008,0.009,0.009,0.009
2,29,12/3/2025,13:28:51,13:48:51,0.008,0.008,0.009,0.012,0.012
2,29,12/3/2025,13:28:53,13:48:53,0.008,0.008,0.009,0.011,0.011
2,29,12/3/2025,13:28:55,13:48:55,0.008,0.008,0.008,0.009,0.009
2,29,12/3/2025,13:28:57,13:48:57,0.008,0.008,0.008,0.01,0.01
2,29,12/3/2025,13:28:59,13:48:59,0.008,0.008,0.008,0.008,0.008
2,29,12/3/2025,13:29:01,13:49:01,0.025,0.025,0.025,0.025,0.069
2,30,12/3/2025,13:30:26,13:50:26,0.021,0.021,0.022,0.024,0.024
2,30,12/3/2025,13:30:28,13:50:28,0.017,0.017,0.017,0.021,0.021
2,30,12/3/2025,13:30:30,13:50:30,0.012,0.012,0.012,0.016,0.016
2,30,12/3/2025,13:30:32,13:50:32,0.015,0.015,0.015,0.017,0.017
2,30,12/3/2025,13:30:34,13:50:34,0.017,0.017,0.018,0.019,0.02
2,30,12/3/2025,13:30:36,13:50:36,0.014,0.014,0.015,0.016,0.031
2,30,12/3/2025,13:30:38,13:50:38,0.014,0.014,0.014,0.015,0.015
2,30,12/3/2025,13:30:40,13:50:40,0.012,0.012,0.013,0.016,0.016
2,30,12/3/2025,13:30:42,13:50:42,0.009,0.009,0.01,0.01,0.01
2,30,12/3/2025,13:30:44,13:50:44,0.011,0.011,0.012,0.012,0.034
2,30,12/3/2025,13:30:46,13:50:46,0.011,0.011,0.011,0.012,0.021
2,30,12/3/2025,13:30:48,13:50:48,0.011,0.011,0.011,0.018,0.018
2,30,12/3/2025,13:30:50,13:50:50,0.011,0.011,0.012,0.015,0.015
2,30,12/3/2025,13:30:52,13:50:52,0.011,0.011,0.011,0.012,0.012
2,30,12/3/2025,13:30:54,13:50:54,0.011,0.011,0.012,0.012,0.012
2,30,12/3/2025,13:30:56,13:50:56,0.011,0.011,0.011,0.014,0.014
2,30,12/3/2025,13:30:58,13:50:58,0.013,0.013,0.013,0.016,0.018
2,30,12/3/2025,13:31:00,13:51:00,0.011,0.011,0.012,0.013,0.051
2,30,12/3/2025,13:31:02,13:51:02,0.013,0.013,0.013,0.013,0.013
2,30,12/3/2025,13:31:04,13:51:04,0.012,0.012,0.012,0.013,0.013
2,30,12/3/2025,13:31:06,13:51:06,0.011,0.011,0.012,0.014,0.014
2,30,12/3/2025,13:31:08,13:51:08,0.012,0.012,0.013,0.015,0.015
2,30,12/3/2025,13:31:10,13:51:10,0.011,0.011,0.012,0.013,0.013
2,30,12/3/2025,13:31:12,13:51:12,0.013,0.013,0.013,0.013,0.013
2,30,12/3/2025,13:31:14,13:51:14,0.01,0.01,0.01,0.012,0.012
2,30,12/3/2025,13:31:16,13:51:16,0.014,0.014,0.015,0.015,0.051
2,30,12/3/2025,13:31:18,13:51:18,0.013,0.013,0.014,0.017,0.033
2,30,12/3/2025,13:31:20,13:51:20,0.012,0.012,0.013,0.019,0.019
2,30,12/3/2025,13:31:22,13:51:22,0.013,0.013,0.013,0.016,0.016
2,30,12/3/2025,13:31:24,13:51:24,0.01,0.01,0.01,0.011,0.017
2,27,12/3/2025,13:34:46,13:54:46,0.009,0.009,0.01,0.011,0.011
2,27,12/3/2025,13:34:48,13:54:48,0.01,0.01,0.011,0.012,0.021
2,27,12/3/2025,13:34:50,13:54:50,0.009,0.009,0.009,0.01,0.013
2,27,12/3/2025,13:34:52,13:54:52,0.009,0.01,0.01,0.01,0.01
2,27,12/3/2025,13:34:54,13:54:54,0.01,0.01,0.01,0.01,0.01
2,27,12/3/2025,13:34:56,13:54:56,0.01,0.01,0.011,0.011,0.011
2,27,12/3/2025,13:34:58,13:54:58,0.011,0.011,0.011,0.012,0.012
2,27,12/3/2025,13:35:00,13:55:00,0.01,0.011,0.011,0.013,0.021
2,27,12/3/2025,13:35:02,13:55:02,0.009,0.01,0.01,0.01,0.01
2,27,12/3/2025,13:35:04,13:55:04,0.01,0.01,0.01,0.01,0.01
2,27,12/3/2025,13:35:06,13:55:06,0.01,0.01,0.01,0.01,0.01
2,27,12/3/2025,13:35:08,13:55:08,0.01,0.01,0.01,0.01,0.01
2,27,12/3/2025,13:35:10,13:55:10,0.011,0.011,0.011,0.011,0.011
2,27,12/3/2025,13:35:12,13:55:12,0.011,0.011,0.011,0.011,0.017
2,27,12/3/2025,13:35:14,13:55:14,0.011,0.011,0.011,0.012,0.015
2,27,12/3/2025,13:35:16,13:55:16,0.011,0.011,0.011,0.014,0.014
2,27,12/3/2025,13:35:18,13:55:18,0.01,0.01,0.01,0.012,0.012
2,27,12/3/2025,13:35:20,13:55:20,0.011,0.011,0.011,0.013,0.013
2,27,12/3/2025,13:35:22,13:55:22,0.01,0.01,0.01,0.012,0.012
2,27,12/3/2025,13:35:24,13:55:24,0.01,0.01,0.011,0.011,0.011
2,27,12/3/2025,13:35:26,13:55:26,0.01,0.01,0.01,0.014,0.014
2,27,12/3/2025,13:35:28,13:55:28,0.011,0.011,0.011,0.012,0.012
2,27,12/3/2025,13:35:30,13:55:30,0.011,0.011,0.012,0.013,0.013
2,27,12/3/2025,13:35:32,13:55:32,0.014,0.014,0.014,0.014,0.017
2,27,12/3/2025,13:35:34,13:55:34,0.01,0.01,0.011,0.012,0.063
2,27,12/3/2025,13:35:36,13:55:36,0.01,0.01,0.01,0.01,0.01
2,27,12/3/2025,13:35:38,13:55:38,0.01,0.01,0.011,0.011,0.011
2,27,12/3/2025,13:35:40,13:55:40,0.01,0.011,0.011,0.011,0.011
2,27,12/3/2025,13:35:42,13:55:42,0.011,0.011,0.012,0.012,0.012
2,27,12/3/2025,13:35:44,13:55:44,0.013,0.013,0.014,0.017,0.033
2,28,12/3/2025,13:37:41,13:57:41,0.009,0.009,0.01,0.012,0.012
2,28,12/3/2025,13:37:43,13:57:43,0.012,0.012,0.012,0.016,0.016
2,28,12/3/2025,13:37:45,13:57:45,0.011,0.011,0.011,0.014,0.014
2,28,12/3/2025,13:37:47,13:57:47,0.01,0.011,0.011,0.011,0.011
2,28,12/3/2025,13:37:49,13:57:49,0.01,0.01,0.011,0.011,0.011
2,28,12/3/2025,13:37:51,13:57:51,0.01,0.01,0.01,0.017,0.017
2,28,12/3/2025,13:37:53,13:57:53,0.01,0.011,0.011,0.012,0.012
2,28,12/3/2025,13:37:55,13:57:55,0.011,0.011,0.011,0.012,0.014
2,28,12/3/2025,13:37:57,13:57:57,0.01,0.01,0.01,0.011,0.055
2,28,12/3/2025,13:37:59,13:57:59,0.011,0.011,0.011,0.011,0.011
2,28,12/3/2025,13:38:01,13:58:01,0.011,0.011,0.011,0.011,0.011
2,28,12/3/2025,13:38:03,13:58:03,0.012,0.012,0.012,0.017,0.017
2,28,12/3/2025,13:38:05,13:58:05,0.011,0.011,0.012,0.013,0.013
2,28,12/3/2025,13:38:07,13:58:07,0.011,0.011,0.011,0.013,0.013
2,28,12/3/2025,13:38:09,13:58:09,0.012,0.012,0.012,0.016,0.038
2,28,12/3/2025,13:38:11,13:58:11,0.01,0.01,0.01,0.012,0.04
2,28,12/3/2025,13:38:13,13:58:13,0.012,0.012,0.012,0.013,0.013
2,28,12/3/2025,13:38:15,13:58:15,0.011,0.011,0.012,0.015,0.015
2,28,12/3/2025,13:38:17,13:58:17,0.012,0.012,0.012,0.015,0.015
2,28,12/3/2025,13:38:19,13:58:19,0.011,0.011,0.011,0.015,0.015
2,28,12/3/2025,13:38:21,13:58:21,0.011,0.011,0.011,0.011,0.011
2,28,12/3/2025,13:38:23,13:58:23,0.011,0.011,0.011,0.011,0.011
2,28,12/3/2025,13:38:25,13:58:25,0.013,0.013,0.013,0.018,0.018
2,28,12/3/2025,13:38:27,13:58:27,0.011,0.011,0.012,0.016,0.016
2,28,12/3/2025,13:38:29,13:58:29,0.012,0.012,0.012,0.014,0.014
2,28,12/3/2025,13:38:31,13:58:31,0.013,0.013,0.013,0.019,0.019
2,28,12/3/2025,13:38:33,13:58:33,0.011,0.011,0.012,0.015,0.015
2,28,12/3/2025,13:38:35,13:58:35,0.013,0.013,0.013,0.016,0.019
2,28,12/3/2025,13:38:37,13:58:37,0.02,0.02,0.021,0.023,0.074
2,28,12/3/2025,13:38:39,13:58:39,0.012,0.012,0.012,0.012,0.012
2,25,12/3/2025,13:42:46,14:02:46,0.015,0.015,0.016,0.017,0.023
2,25,12/3/2025,13:42:48,14:02:48,0.013,0.013,0.014,0.017,0.021
2,25,12/3/2025,13:42:50,14:02:50,0.014,0.014,0.014,0.016,0.038
2,25,12/3/2025,13:42:52,14:02:52,0.012,0.012,0.013,0.02,0.02
2,25,12/3/2025,13:42:54,14:02:54,0.012,0.012,0.012,0.012,0.012
2,25,12/3/2025,13:42:56,14:02:56,0.013,0.013,0.013,0.014,0.014
2,25,12/3/2025,13:42:58,14:02:58,0.021,0.021,0.022,0.027,0.065
2,25,12/3/2025,13:43:00,14:03:00,0.018,0.018,0.018,0.021,0.077
2,25,12/3/2025,13:43:02,14:03:02,0.014,0.014,0.014,0.017,0.034
2,25,12/3/2025,13:43:04,14:03:04,0.014,0.014,0.014,0.018,0.018
2,25,12/3/2025,13:43:06,14:03:06,0.015,0.015,0.015,0.019,0.024
2,25,12/3/2025,13:43:08,14:03:08,0.012,0.012,0.013,0.021,0.023
2,25,12/3/2025,13:43:10,14:03:10,0.013,0.013,0.014,0.016,0.016
2,25,12/3/2025,13:43:12,14:03:12,0.016,0.016,0.017,0.018,0.042
2,25,12/3/2025,13:43:14,14:03:14,0.012,0.012,0.013,0.013,0.023
2,25,12/3/2025,13:43:16,14:03:16,0.013,0.013,0.013,0.014,0.014
2,25,12/3/2025,13:43:18,14:03:18,0.013,0.013,0.013,0.014,0.014
2,25,12/3/2025,13:43:20,14:03:20,0.014,0.014,0.014,0.019,0.02
2,25,12/3/2025,13:43:22,14:03:22,0.015,0.015,0.016,0.02,0.036
2,25,12/3/2025,13:43:24,14:03:24,0.016,0.016,0.018,0.032,0.045
2,25,12/3/2025,13:43:26,14:03:26,0.017,0.017,0.018,0.021,0.054
2,25,12/3/2025,13:43:28,14:03:28,0.017,0.017,0.017,0.029,0.043
2,25,12/3/2025,13:43:30,14:03:30,0.013,0.013,0.013,0.017,0.017
2,25,12/3/2025,13:43:32,14:03:32,0.012,0.012,0.013,0.013,0.013
2,25,12/3/2025,13:43:34,14:03:34,0.012,0.012,0.013,0.013,0.013
2,25,12/3/2025,13:43:36,14:03:36,0.013,0.013,0.014,0.016,0.016
2,25,12/3/2025,13:43:38,14:03:38,0.02,0.02,0.02,0.022,0.028
2,25,12/3/2025,13:43:40,14:03:40,0.017,0.017,0.018,0.028,0.043
2,25,12/3/2025,13:43:42,14:03:42,0.014,0.014,0.014,0.017,0.017
2,25,12/3/2025,13:43:44,14:03:44,0.013,0.013,0.014,0.021,0.029
2,23,12/3/2025,13:47:50,14:07:50,0.013,0.013,0.014,0.022,0.023
2,23,12/3/2025,13:47:52,14:07:52,0.014,0.014,0.014,0.016,0.027
2,23,12/3/2025,13:47:54,14:07:54,0.013,0.013,0.013,0.018,0.018
2,23,12/3/2025,13:47:56,14:07:56,0.018,0.018,0.019,0.024,0.026
2,23,12/3/2025,13:47:58,14:07:58,0.014,0.014,0.015,0.023,0.068
2,23,12/3/2025,13:48:00,14:08:00,0.013,0.013,0.014,0.015,0.015
2,23,12/3/2025,13:48:02,14:08:02,0.013,0.014,0.014,0.015,0.015
2,23,12/3/2025,13:48:04,14:08:04,0.013,0.013,0.014,0.014,0.014
2,23,12/3/2025,13:48:06,14:08:06,0.014,0.014,0.015,0.017,0.024
2,23,12/3/2025,13:48:08,14:08:08,0.014,0.015,0.016,0.017,0.044
2,23,12/3/2025,13:48:10,14:08:10,0.016,0.016,0.016,0.02,0.02
2,23,12/3/2025,13:48:12,14:08:12,0.016,0.016,0.017,0.025,0.025
2,23,12/3/2025,13:48:14,14:08:14,0.021,0.021,0.021,0.027,0.028
2,23,12/3/2025,13:48:16,14:08:16,0.013,0.013,0.014,0.019,0.03
2,23,12/3/2025,13:48:18,14:08:18,0.014,0.014,0.014,0.019,0.019
2,23,12/3/2025,13:48:20,14:08:20,0.014,0.014,0.016,0.016,0.016
2,23,12/3/2025,13:48:22,14:08:22,0.017,0.017,0.018,0.023,0.024
2,23,12/3/2025,13:48:24,14:08:24,0.014,0.014,0.015,0.023,0.042
2,23,12/3/2025,13:48:26,14:08:26,0.018,0.018,0.019,0.023,0.058
2,23,12/3/2025,13:48:28,14:08:28,0.014,0.014,0.016,0.02,0.035
2,23,12/3/2025,13:48:30,14:08:30,0.015,0.015,0.016,0.018,0.018
2,23,12/3/2025,13:48:32,14:08:32,0.016,0.016,0.018,0.027,0.027
2,23,12/3/2025,13:48:34,14:08:34,0.012,0.012,0.013,0.022,0.022
2,23,12/3/2025,13:48:36,14:08:36,0.018,0.018,0.018,0.024,0.061
2,23,12/3/2025,13:48:38,14:08:38,0.016,0.017,0.018,0.023,0.039
2,23,12/3/2025,13:48:40,14:08:40,0.017,0.017,0.019,0.023,0.036
2,23,12/3/2025,13:48:42,14:08:42,0.015,0.015,0.016,0.018,0.02
2,23,12/3/2025,13:48:44,14:08:44,0.014,0.014,0.016,0.021,0.021
2,23,12/3/2025,13:48:46,14:08:46,0.016,0.017,0.018,0.022,0.034
2,23,12/3/2025,13:48:48,14:08:48,0.015,0.015,0.016,0.023,0.025
2,21,12/3/2025,13:51:29,14:11:29,0.013,0.013,0.013,0.016,0.028
2,21,12/3/2025,13:51:31,14:11:31,0.014,0.014,0.014,0.018,0.023
2,21,12/3/2025,13:51:33,14:11:33,0.014,0.014,0.015,0.018,0.018
2,21,12/3/2025,13:51:35,14:11:35,0.014,0.014,0.015,0.016,0.016
2,21,12/3/2025,13:51:37,14:11:37,0.016,0.016,0.017,0.018,0.041
2,21,12/3/2025,13:51:39,14:11:39,0.015,0.015,0.015,0.018,0.053
2,21,12/3/2025,13:51:41,14:11:41,0.014,0.014,0.014,0.015,0.015
2,21,12/3/2025,13:51:43,14:11:43,0.013,0.013,0.014,0.014,0.014
2,21,12/3/2025,13:51:45,14:11:45,0.013,0.013,0.014,0.014,0.014
2,21,12/3/2025,13:51:47,14:11:47,0.014,0.014,0.014,0.016,0.016
2,21,12/3/2025,13:51:49,14:11:49,0.013,0.013,0.014,0.015,0.015
2,21,12/3/2025,13:51:51,14:11:51,0.013,0.013,0.014,0.015,0.015
2,21,12/3/2025,13:51:53,14:11:53,0.014,0.014,0.016,0.016,0.016
2,21,12/3/2025,13:51:55,14:11:55,0.022,0.023,0.023,0.025,0.027
2,21,12/3/2025,13:51:57,14:11:57,0.024,0.024,0.024,0.029,0.074
2,21,12/3/2025,13:51:59,14:11:59,0.015,0.015,0.016,0.025,0.025
2,21,12/3/2025,13:52:01,14:12:01,0.012,0.013,0.013,0.013,0.013
2,21,12/3/2025,13:52:03,14:12:03,0.015,0.015,0.015,0.019,0.036
2,21,12/3/2025,13:52:05,14:12:05,0.015,0.015,0.016,0.022,0.029
2,21,12/3/2025,13:52:07,14:12:07,0.016,0.016,0.017,0.024,0.024
2,21,12/3/2025,13:52:09,14:12:09,0.015,0.015,0.016,0.028,0.028
2,21,12/3/2025,13:52:11,14:12:11,0.013,0.013,0.013,0.016,0.016
2,21,12/3/2025,13:52:13,14:12:13,0.015,0.016,0.017,0.02,0.041
2,21,12/3/2025,13:52:15,14:12:15,0.013,0.013,0.014,0.015,0.024
2,21,12/3/2025,13:52:17,14:12:17,0.018,0.018,0.019,0.019,0.022
2,21,12/3/2025,13:52:19,14:12:19,0.028,0.028,0.029,0.034,0.087
2,21,12/3/2025,13:52:21,14:12:21,0.014,0.014,0.014,0.017,0.017
2,21,12/3/2025,13:52:23,14:12:23,0.019,0.019,0.02,0.024,0.026
2,21,12/3/2025,13:52:25,14:12:25,0.02,0.02,0.02,0.023,0.076
2,21,12/3/2025,13:52:27,14:12:27,0.015,0.015,0.017,0.02,0.02
2,19,12/3/2025,13:54:04,14:14:04,0.013,0.013,0.014,0.015,0.118
2,19,12/3/2025,13:54:06,14:14:06,0.012,0.012,0.012,0.013,0.013
2,19,12/3/2025,13:54:08,14:14:08,0.012,0.012,0.012,0.013,0.013
2,19,12/3/2025,13:54:10,14:14:10,0.012,0.012,0.013,0.014,0.014
2,19,12/3/2025,13:54:12,14:14:12,0.014,0.014,0.014,0.019,0.019
2,19,12/3/2025,13:54:14,14:14:14,0.012,0.012,0.013,0.016,0.016
2,19,12/3/2025,13:54:16,14:14:16,0.024,0.024,0.025,0.025,0.063
2,19,12/3/2025,13:54:18,14:14:18,0.016,0.016,0.016,0.017,0.036
2,19,12/3/2025,13:54:20,14:14:20,0.019,0.019,0.019,0.032,0.084
2,19,12/3/2025,13:54:22,14:14:22,0.012,0.012,0.012,0.014,0.014
2,19,12/3/2025,13:54:24,14:14:24,0.02,0.021,0.021,0.028,0.045
2,19,12/3/2025,13:54:26,14:14:26,0.017,0.017,0.018,0.022,0.032
2,19,12/3/2025,13:54:28,14:14:28,0.012,0.012,0.013,0.016,0.068
2,19,12/3/2025,13:54:30,14:14:30,0.013,0.013,0.014,0.019,0.019
2,19,12/3/2025,13:54:32,14:14:32,0.013,0.013,0.014,0.016,0.016
2,19,12/3/2025,13:54:34,14:14:34,0.012,0.012,0.012,0.014,0.014
2,19,12/3/2025,13:54:36,14:14:36,0.012,0.013,0.013,0.018,0.018
2,19,12/3/2025,13:54:38,14:14:38,0.012,0.012,0.013,0.014,0.014
2,19,12/3/2025,13:54:40,14:14:40,0.013,0.013,0.014,0.016,0.016
2,19,12/3/2025,13:54:42,14:14:42,0.014,0.014,0.015,0.016,0.016
2,19,12/3/2025,13:54:44,14:14:44,0.013,0.014,0.014,0.016,0.016
2,19,12/3/2025,13:54:46,14:14:46,0.013,0.013,0.014,0.016,0.016
2,19,12/3/2025,13:54:48,14:14:48,0.012,0.012,0.013,0.013,0.013
2,19,12/3/2025,13:54:50,14:14:50,0.015,0.015,0.015,0.016,0.016
2,19,12/3/2025,13:54:52,14:14:52,0.014,0.014,0.014,0.017,0.017
2,19,12/3/2025,13:54:54,14:14:54,0.014,0.014,0.014,0.016,0.016
2,19,12/3/2025,13:54:56,14:14:56,0.014,0.014,0.015,0.018,0.018
2,19,12/3/2025,13:54:58,14:14:58,0.017,0.017,0.017,0.022,0.06
2,19,12/3/2025,13:55:00,14:15:00,0.016,0.016,0.017,0.02,0.044
2,19,12/3/2025,13:55:02,14:15:02,0.014,0.014,0.016,0.016,0.02
2,16,12/3/2025,13:56:19,14:16:19,0.01,0.01,0.011,0.011,0.011
2,16,12/3/2025,13:56:21,14:16:21,0.012,0.013,0.013,0.018,0.018
2,16,12/3/2025,13:56:23,14:16:23,0.012,0.012,0.013,0.015,0.015
2,16,12/3/2025,13:56:25,14:16:25,0.014,0.014,0.015,0.016,0.016
2,16,12/3/2025,13:56:27,14:16:27,0.013,0.013,0.015,0.015,0.015
2,16,12/3/2025,13:56:29,14:16:29,0.014,0.014,0.014,0.016,0.018
2,16,12/3/2025,13:56:31,14:16:31,0.014,0.014,0.014,0.016,0.056
2,16,12/3/2025,13:56:33,14:16:33,0.013,0.013,0.013,0.014,0.014
2,16,12/3/2025,13:56:35,14:16:35,0.015,0.015,0.015,0.023,0.023
2,16,12/3/2025,13:56:37,14:16:37,0.014,0.014,0.014,0.016,0.016
2,16,12/3/2025,13:56:39,14:16:39,0.013,0.013,0.014,0.014,0.014
2,16,12/3/2025,13:56:41,14:16:41,0.013,0.013,0.014,0.015,0.015
2,16,12/3/2025,13:56:43,14:16:43,0.014,0.014,0.015,0.017,0.019
2,16,12/3/2025,13:56:45,14:16:45,0.015,0.015,0.016,0.019,0.059
2,16,12/3/2025,13:56:47,14:16:47,0.012,0.012,0.013,0.013,0.013
2,16,12/3/2025,13:56:49,14:16:49,0.013,0.013,0.013,0.014,0.014
2,16,12/3/2025,13:56:51,14:16:51,0.012,0.012,0.013,0.013,0.013
2,16,12/3/2025,13:56:53,14:16:53,0.015,0.015,0.015,0.016,0.016
2,16,12/3/2025,13:56:55,14:16:55,0.013,0.013,0.013,0.013,0.013
2,16,12/3/2025,13:56:57,14:16:57,0.013,0.013,0.013,0.018,0.018
2,16,12/3/2025,13:56:59,14:16:59,0.014,0.014,0.014,0.016,0.016
2,16,12/3/2025,13:57:01,14:17:01,0.014,0.014,0.015,0.015,0.015
2,16,12/3/2025,13:57:03,14:17:03,0.014,0.014,0.014,0.014,0.014
2,16,12/3/2025,13:57:05,14:17:05,0.012,0.012,0.013,0.013,0.013
2,16,12/3/2025,13:57:07,14:17:07,0.013,0.013,0.013,0.014,0.014
2,16,12/3/2025,13:57:09,14:17:09,0.013,0.013,0.014,0.014,0.014
2,16,12/3/2025,13:57:11,14:17:11,0.013,0.013,0.014,0.014,0.014
2,16,12/3/2025,13:57:13,14:17:13,0.015,0.015,0.015,0.019,0.019
2,16,12/3/2025,13:57:15,14:17:15,0.015,0.015,0.016,0.019,0.019
2,16,12/3/2025,13:57:17,14:17:17,0.013,0.013,0.014,0.015,0.015
2,12,12/3/2025,13:58:45,14:18:45,0.009,0.009,0.009,0.011,0.011
2,12,12/3/2025,13:58:47,14:18:47,0.01,0.01,0.01,0.01,0.01
2,12,12/3/2025,13:58:49,14:18:49,0.011,0.011,0.012,0.013,0.013
2,12,12/3/2025,13:58:51,14:18:51,0.013,0.013,0.013,0.014,0.014
2,12,12/3/2025,13:58:53,14:18:53,0.013,0.013,0.013,0.013,0.013
2,12,12/3/2025,13:58:55,14:18:55,0.014,0.014,0.014,0.014,0.014
2,12,12/3/2025,13:58:57,14:18:57,0.013,0.013,0.014,0.015,0.023
2,12,12/3/2025,13:58:59,14:18:59,0.012,0.012,0.013,0.013,0.013
2,12,12/3/2025,13:59:01,14:19:01,0.014,0.014,0.015,0.021,0.021
2,12,12/3/2025,13:59:03,14:19:03,0.014,0.014,0.015,0.017,0.017
2,12,12/3/2025,13:59:05,14:19:05,0.012,0.012,0.013,0.015,0.015
2,12,12/3/2025,13:59:07,14:19:07,0.014,0.014,0.015,0.016,0.038
2,12,12/3/2025,13:59:09,14:19:09,0.015,0.015,0.015,0.022,0.032
2,12,12/3/2025,13:59:11,14:19:11,0.013,0.013,0.014,0.018,0.018
2,12,12/3/2025,13:59:13,14:19:13,0.013,0.013,0.014,0.015,0.015
2,12,12/3/2025,13:59:15,14:19:15,0.013,0.013,0.014,0.017,0.017
2,12,12/3/2025,13:59:17,14:19:17,0.013,0.013,0.013,0.016,0.016
2,12,12/3/2025,13:59:19,14:19:19,0.013,0.013,0.013,0.013,0.013
2,12,12/3/2025,13:59:21,14:19:21,0.013,0.013,0.014,0.016,0.016
2,12,12/3/2025,13:59:23,14:19:23,0.012,0.012,0.013,0.013,0.013
2,12,12/3/2025,13:59:25,14:19:25,0.014,0.014,0.014,0.014,0.014
2,12,12/3/2025,13:59:27,14:19:27,0.017,0.017,0.018,0.026,0.026
2,12,12/3/2025,13:59:29,14:19:29,0.014,0.014,0.014,0.017,0.017
2,12,12/3/2025,13:59:31,14:19:31,0.015,0.015,0.015,0.02,0.02
2,12,12/3/2025,13:59:33,14:19:33,0.02,0.02,0.021,0.03,0.06
2,12,12/3/2025,13:59:35,14:19:35,0.012,0.013,0.013,0.017,0.029
2,12,12/3/2025,13:59:37,14:19:37,0.012,0.012,0.013,0.013,0.013
2,12,12/3/2025,13:59:39,14:19:39,0.013,0.013,0.013,0.013,0.013
2,12,12/3/2025,13:59:41,14:19:41,0.013,0.013,0.013,0.015,0.015
2,12,12/3/2025,13:59:43,14:19:43,0.013,0.013,0.013,0.015,0.02
2,7,12/3/2025,14:01:00,14:21:00,0.009,0.009,0.01,0.01,0.01
2,7,12/3/2025,14:01:02,14:21:02,0.01,0.01,0.011,0.015,0.015
2,7,12/3/2025,14:01:04,14:21:04,0.011,0.011,0.011,0.014,0.014
2,7,12/3/2025,14:01:06,14:21:06,0.016,0.016,0.017,0.019,0.056
2,7,12/3/2025,14:01:08,14:21:08,0.011,0.011,0.012,0.012,0.028
2,7,12/3/2025,14:01:10,14:21:10,0.012,0.012,0.013,0.015,0.015
2,7,12/3/2025,14:01:12,14:21:12,0.012,0.012,0.012,0.013,0.013
2,7,12/3/2025,14:01:14,14:21:14,0.012,0.012,0.013,0.013,0.013
2,7,12/3/2025,14:01:16,14:21:16,0.013,0.013,0.013,0.014,0.014
2,7,12/3/2025,14:01:18,14:21:18,0.012,0.012,0.012,0.012,0.012
2,7,12/3/2025,14:01:20,14:21:20,0.012,0.012,0.013,0.013,0.013
2,7,12/3/2025,14:01:22,14:21:22,0.013,0.013,0.013,0.014,0.014
2,7,12/3/2025,14:01:24,14:21:24,0.012,0.012,0.013,0.015,0.015
2,7,12/3/2025,14:01:26,14:21:26,0.013,0.013,0.014,0.02,0.02
2,7,12/3/2025,14:01:28,14:21:28,0.012,0.012,0.013,0.013,0.013
2,7,12/3/2025,14:01:30,14:21:30,0.012,0.012,0.013,0.013,0.013
2,7,12/3/2025,14:01:32,14:21:32,0.012,0.012,0.013,0.013,0.013
2,7,12/3/2025,14:01:34,14:21:34,0.012,0.012,0.012,0.012,0.012
2,7,12/3/2025,14:01:36,14:21:36,0.013,0.013,0.013,0.013,0.013
2,7,12/3/2025,14:01:38,14:21:38,0.013,0.013,0.014,0.018,0.018
2,7,12/3/2025,14:01:40,14:21:40,0.013,0.013,0.013,0.015,0.015
2,7,12/3/2025,14:01:42,14:21:42,0.013,0.013,0.013,0.013,0.013
2,7,12/3/2025,14:01:44,14:21:44,0.012,0.012,0.012,0.012,0.012
2,7,12/3/2025,14:01:46,14:21:46,0.012,0.012,0.012,0.012,0.012
2,7,12/3/2025,14:01:48,14:21:48,0.012,0.012,0.012,0.012,0.012
2,7,12/3/2025,14:01:50,14:21:50,0.013,0.013,0.013,0.015,0.015
2,7,12/3/2025,14:01:52,14:21:52,0.012,0.012,0.012,0.015,0.015
2,7,12/3/2025,14:01:54,14:21:54,0.013,0.013,0.014,0.014,0.015
2,7,12/3/2025,14:01:56,14:21:56,0.014,0.014,0.014,0.015,0.032
2,7,12/3/2025,14:01:58,14:21:58,0.013,0.013,0.013,0.017,0.017
2,3,12/3/2025,14:03:03,14:23:03,0.011,0.011,0.012,0.019,0.019
2,3,12/3/2025,14:03:05,14:23:05,0.016,0.016,0.017,0.02,0.023
2,3,12/3/2025,14:03:07,14:23:07,0.016,0.016,0.016,0.019,0.07
2,3,12/3/2025,14:03:09,14:23:09,0.013,0.013,0.013,0.016,0.027
2,3,12/3/2025,14:03:11,14:23:11,0.013,0.013,0.014,0.014,0.03
2,3,12/3/2025,14:03:13,14:23:13,0.012,0.012,0.013,0.013,0.013
2,3,12/3/2025,14:03:15,14:23:15,0.013,0.013,0.015,0.016,0.016
2,3,12/3/2025,14:03:17,14:23:17,0.011,0.011,0.012,0.013,0.013
2,3,12/3/2025,14:03:19,14:23:19,0.012,0.012,0.013,0.013,0.013
2,3,12/3/2025,14:03:21,14:23:21,0.013,0.013,0.014,0.016,0.016
2,3,12/3/2025,14:03:23,14:23:23,0.014,0.014,0.014,0.02,0.02
2,3,12/3/2025,14:03:25,14:23:25,0.012,0.012,0.012,0.015,0.015
2,3,12/3/2025,14:03:27,14:23:27,0.011,0.011,0.011,0.011,0.011
2,3,12/3/2025,14:03:29,14:23:29,0.012,0.012,0.012,0.014,0.014
2,3,12/3/2025,14:03:31,14:23:31,0.012,0.012,0.013,0.015,0.015
2,3,12/3/2025,14:03:33,14:23:33,0.012,0.012,0.012,0.014,0.014
2,3,12/3/2025,14:03:35,14:23:35,0.012,0.012,0.012,0.015,0.015
2,3,12/3/2025,14:03:37,14:23:37,0.013,0.013,0.013,0.014,0.014
2,3,12/3/2025,14:03:39,14:23:39,0.012,0.012,0.012,0.018,0.018
2,3,12/3/2025,14:03:41,14:23:41,0.011,0.011,0.012,0.012,0.012
2,3,12/3/2025,14:03:43,14:23:43,0.012,0.012,0.012,0.014,0.014
2,3,12/3/2025,14:03:45,14:23:45,0.012,0.012,0.013,0.013,0.013
2,3,12/3/2025,14:03:47,14:23:47,0.012,0.012,0.012,0.012,0.012
2,3,12/3/2025,14:03:49,14:23:49,0.013,0.013,0.013,0.014,0.014
2,3,12/3/2025,14:03:51,14:23:51,0.014,0.014,0.014,0.021,0.021
2,3,12/3/2025,14:03:53,14:23:53,0.012,0.012,0.013,0.014,0.014
2,3,12/3/2025,14:03:55,14:23:55,0.012,0.012,0.012,0.013,0.013
2,3,12/3/2025,14:03:57,14:23:57,0.011,0.011,0.011,0.012,0.012
2,3,12/3/2025,14:03:59,14:23:59,0.012,0.012,0.012,0.013,0.013
2,3,12/3/2025,14:04:01,14:24:01,0.012,0.012,0.012,0.012,0.012
2,6,12/3/2025,14:05:42,14:25:42,0.007,0.007,0.007,0.007,0.007
2,6,12/3/2025,14:05:44,14:25:44,0.008,0.008,0.008,0.009,0.009
2,6,12/3/2025,14:05:46,14:25:46,0.009,0.009,0.009,0.011,0.011
2,6,12/3/2025,14:05:48,14:25:48,0.008,0.008,0.009,0.009,0.009
2,6,12/3/2025,14:05:50,14:25:50,0.01,0.01,0.01,0.01,0.01
2,6,12/3/2025,14:05:52,14:25:52,0.01,0.01,0.01,0.015,0.015
2,6,12/3/2025,14:05:54,14:25:54,0.01,0.01,0.011,0.012,0.012
2,6,12/3/2025,14:05:56,14:25:56,0.011,0.011,0.011,0.015,0.015
2,6,12/3/2025,14:05:58,14:25:58,0.01,0.01,0.01,0.012,0.012
2,6,12/3/2025,14:06:00,14:26:00,0.011,0.011,0.012,0.012,0.012
2,6,12/3/2025,14:06:02,14:26:02,0.011,0.011,0.012,0.012,0.012
2,6,12/3/2025,14:06:04,14:26:04,0.011,0.011,0.011,0.013,0.013
2,6,12/3/2025,14:06:06,14:26:06,0.013,0.013,0.014,0.014,0.023
2,6,12/3/2025,14:06:08,14:26:08,0.018,0.018,0.018,0.019,0.065
2,6,12/3/2025,14:06:10,14:26:10,0.017,0.017,0.018,0.024,0.051
2,6,12/3/2025,14:06:12,14:26:12,0.011,0.011,0.011,0.011,0.011
2,6,12/3/2025,14:06:14,14:26:14,0.011,0.011,0.011,0.012,0.012
2,6,12/3/2025,14:06:16,14:26:16,0.01,0.01,0.011,0.012,0.012
2,6,12/3/2025,14:06:18,14:26:18,0.011,0.011,0.011,0.011,0.011
2,6,12/3/2025,14:06:20,14:26:20,0.01,0.01,0.011,0.011,0.011
2,6,12/3/2025,14:06:22,14:26:22,0.011,0.011,0.012,0.016,0.016
2,6,12/3/2025,14:06:24,14:26:24,0.011,0.011,0.011,0.015,0.015
2,6,12/3/2025,14:06:26,14:26:26,0.011,0.011,0.012,0.012,0.012
2,6,12/3/2025,14:06:28,14:26:28,0.011,0.011,0.012,0.013,0.013
2,6,12/3/2025,14:06:30,14:26:30,0.01,0.01,0.01,0.011,0.011
2,6,12/3/2025,14:06:32,14:26:32,0.011,0.011,0.012,0.013,0.013
2,6,12/3/2025,14:06:34,14:26:34,0.012,0.012,0.013,0.015,0.015
2,6,12/3/2025,14:06:36,14:26:36,0.011,0.011,0.011,0.012,0.012
2,6,12/3/2025,14:06:38,14:26:38,0.013,0.013,0.013,0.02,0.02
2,6,12/3/2025,14:06:40,14:26:40,0.012,0.012,0.012,0.014,0.014
2,11,12/3/2025,14:07:59,14:27:59,0.009,0.009,0.009,0.009,0.009
2,11,12/3/2025,14:08:01,14:28:01,0.009,0.009,0.009,0.009,0.009
2,11,12/3/2025,14:08:03,14:28:03,0.009,0.009,0.009,0.01,0.01
2,11,12/3/2025,14:08:05,14:28:05,0.01,0.01,0.011,0.012,0.012
2,11,12/3/2025,14:08:07,14:28:07,0.011,0.011,0.012,0.018,0.018
2,11,12/3/2025,14:08:09,14:28:09,0.009,0.009,0.009,0.009,0.009
2,11,12/3/2025,14:08:11,14:28:11,0.01,0.01,0.01,0.012,0.012
2,11,12/3/2025,14:08:13,14:28:13,0.01,0.01,0.01,0.012,0.012
2,11,12/3/2025,14:08:15,14:28:15,0.011,0.011,0.012,0.013,0.013
2,11,12/3/2025,14:08:17,14:28:17,0.012,0.012,0.013,0.017,0.017
2,11,12/3/2025,14:08:19,14:28:19,0.013,0.013,0.014,0.016,0.016
2,11,12/3/2025,14:08:21,14:28:21,0.01,0.01,0.011,0.011,0.011
2,11,12/3/2025,14:08:23,14:28:23,0.01,0.01,0.01,0.01,0.01
2,11,12/3/2025,14:08:25,14:28:25,0.01,0.011,0.011,0.012,0.012
2,11,12/3/2025,14:08:27,14:28:27,0.01,0.01,0.01,0.012,0.012
2,11,12/3/2025,14:08:29,14:28:29,0.011,0.011,0.011,0.012,0.012
2,11,12/3/2025,14:08:31,14:28:31,0.011,0.011,0.011,0.012,0.012
2,11,12/3/2025,14:08:33,14:28:33,0.012,0.012,0.012,0.019,0.019
2,11,12/3/2025,14:08:35,14:28:35,0.011,0.011,0.011,0.013,0.013
2,11,12/3/2025,14:08:37,14:28:37,0.01,0.01,0.01,0.01,0.01
2,11,12/3/2025,14:08:39,14:28:39,0.01,0.01,0.011,0.011,0.011
2,11,12/3/2025,14:08:41,14:28:41,0.011,0.011,0.011,0.011,0.012
2,11,12/3/2025,14:08:43,14:28:43,0.011,0.011,0.011,0.012,0.02
2,11,12/3/2025,14:08:45,14:28:45,0.01,0.01,0.01,0.01,0.01
2,11,12/3/2025,14:08:47,14:28:47,0.011,0.011,0.012,0.012,0.012
2,11,12/3/2025,14:08:49,14:28:49,0.011,0.011,0.011,0.013,0.013
2,11,12/3/2025,14:08:51,14:28:51,0.01,0.01,0.01,0.012,0.012
2,11,12/3/2025,14:08:53,14:28:53,0.011,0.011,0.011,0.012,0.012
2,11,12/3/2025,14:08:55,14:28:55,0.012,0.012,0.012,0.012,0.012
2,11,12/3/2025,14:08:57,14:28:57,0.011,0.011,0.011,0.012,0.012
2,15,12/3/2025,14:10:17,14:30:17,0.009,0.009,0.009,0.009,0.009
2,15,12/3/2025,14:10:19,14:30:19,0.009,0.009,0.01,0.01,0.01
2,15,12/3/2025,14:10:21,14:30:21,0.01,0.01,0.011,0.011,0.011
2,15,12/3/2025,14:10:23,14:30:23,0.009,0.009,0.009,0.009,0.009
2,15,12/3/2025,14:10:25,14:30:25,0.01,0.01,0.01,0.01,0.01
2,15,12/3/2025,14:10:27,14:30:27,0.011,0.011,0.011,0.011,0.019
2,15,12/3/2025,14:10:29,14:30:29,0.01,0.01,0.011,0.011,0.014
2,15,12/3/2025,14:10:31,14:30:31,0.011,0.011,0.012,0.012,0.012
2,15,12/3/2025,14:10:33,14:30:33,0.01,0.01,0.011,0.016,0.016
2,15,12/3/2025,14:10:35,14:30:35,0.008,0.008,0.008,0.01,0.01
2,15,12/3/2025,14:10:37,14:30:37,0.009,0.009,0.01,0.011,0.011
2,15,12/3/2025,14:10:39,14:30:39,0.008,0.008,0.008,0.009,0.009
2,15,12/3/2025,14:10:41,14:30:41,0.008,0.008,0.009,0.009,0.009
2,15,12/3/2025,14:10:43,14:30:43,0.009,0.009,0.009,0.011,0.011
2,15,12/3/2025,14:10:45,14:30:45,0.013,0.013,0.013,0.015,0.015
2,15,12/3/2025,14:10:47,14:30:47,0.01,0.01,0.01,0.011,0.011
2,15,12/3/2025,14:10:49,14:30:49,0.009,0.009,0.009,0.009,0.009
2,15,12/3/2025,14:10:51,14:30:51,0.008,0.008,0.008,0.009,0.009
2,15,12/3/2025,14:10:53,14:30:53,0.009,0.009,0.009,0.009,0.009
2,15,12/3/2025,14:10:55,14:30:55,0.009,0.009,0.01,0.011,0.011
2,15,12/3/2025,14:10:57,14:30:57,0.012,0.012,0.012,0.015,0.015
2,15,12/3/2025,14:10:59,14:30:59,0.01,0.01,0.01,0.014,0.014
2,15,12/3/2025,14:11:01,14:31:01,0.011,0.011,0.011,0.018,0.018
2,15,12/3/2025,14:11:03,14:31:03,0.01,0.01,0.011,0.013,0.013
2,15,12/3/2025,14:11:05,14:31:05,0.01,0.01,0.01,0.011,0.011
2,15,12/3/2025,14:11:07,14:31:07,0.01,0.01,0.011,0.013,0.013
2,15,12/3/2025,14:11:09,14:31:09,0.012,0.012,0.013,0.017,0.017
2,15,12/3/2025,14:11:11,14:31:11,0.01,0.01,0.011,0.015,0.015
2,15,12/3/2025,14:11:13,14:31:13,0.01,0.01,0.01,0.01,0.01
2,15,12/3/2025,14:11:15,14:31:15,0.012,0.012,0.013,0.016,0.016
2,18,12/3/2025,14:15:30,14:35:30,0.008,0.008,0.008,0.012,0.012
2,18,12/3/2025,14:15:32,14:35:32,0.009,0.009,0.009,0.011,0.011
2,18,12/3/2025,14:15:34,14:35:34,0.01,0.01,0.01,0.011,0.011
2,18,12/3/2025,14:15:36,14:35:36,0.009,0.009,0.009,0.01,0.01
2,18,12/3/2025,14:15:38,14:35:38,0.012,0.012,0.012,0.018,0.021
2,18,12/3/2025,14:15:40,14:35:40,0.014,0.014,0.014,0.014,0.066
2,18,12/3/2025,14:15:42,14:35:42,0.01,0.01,0.011,0.011,0.011
2,18,12/3/2025,14:15:44,14:35:44,0.012,0.012,0.012,0.013,0.023
2,18,12/3/2025,14:15:46,14:35:46,0.01,0.01,0.01,0.01,0.014
2,18,12/3/2025,14:15:48,14:35:48,0.01,0.01,0.01,0.01,0.01
2,18,12/3/2025,14:15:50,14:35:50,0.011,0.011,0.011,0.011,0.011
2,18,12/3/2025,14:15:52,14:35:52,0.011,0.011,0.011,0.012,0.012
2,18,12/3/2025,14:15:54,14:35:54,0.01,0.01,0.011,0.011,0.011
2,18,12/3/2025,14:15:56,14:35:56,0.011,0.011,0.011,0.012,0.012
2,18,12/3/2025,14:15:58,14:35:58,0.011,0.011,0.011,0.011,0.011
2,18,12/3/2025,14:16:00,14:36:00,0.012,0.012,0.012,0.012,0.012
2,18,12/3/2025,14:16:02,14:36:02,0.01,0.01,0.01,0.01,0.01
2,18,12/3/2025,14:16:04,14:36:04,0.011,0.011,0.011,0.011,0.011
2,18,12/3/2025,14:16:06,14:36:06,0.01,0.01,0.011,0.011,0.011
2,18,12/3/2025,14:16:08,14:36:08,0.011,0.011,0.011,0.011,0.011
2,18,12/3/2025,14:16:10,14:36:10,0.011,0.011,0.011,0.014,0.014
2,18,12/3/2025,14:16:12,14:36:12,0.012,0.012,0.012,0.014,0.014
2,18,12/3/2025,14:16:14,14:36:14,0.01,0.01,0.011,0.013,0.013
2,18,12/3/2025,14:16:16,14:36:16,0.011,0.011,0.011,0.011,0.011
2,18,12/3/2025,14:16:18,14:36:18,0.011,0.011,0.012,0.012,0.012
2,18,12/3/2025,14:16:20,14:36:20,0.014,0.014,0.015,0.019,0.019
2,18,12/3/2025,14:16:22,14:36:22,0.011,0.011,0.011,0.014,0.014
2,18,12/3/2025,14:16:24,14:36:24,0.012,0.012,0.012,0.014,0.014
2,18,12/3/2025,14:16:26,14:36:26,0.012,0.012,0.013,0.015,0.015
2,18,12/3/2025,14:16:28,14:36:28,0.011,0.011,0.012,0.014,0.014
2,14,12/3/2025,14:17:37,14:37:37,0.009,0.009,0.01,0.01,0.01
2,14,12/3/2025,14:17:39,14:37:39,0.01,0.01,0.01,0.012,0.012
2,14,12/3/2025,14:17:41,14:37:41,0.011,0.011,0.012,0.013,0.013
2,14,12/3/2025,14:17:43,14:37:43,0.011,0.011,0.011,0.012,0.012
2,14,12/3/2025,14:17:45,14:37:45,0.011,0.011,0.011,0.011,0.011
2,14,12/3/2025,14:17:47,14:37:47,0.011,0.011,0.011,0.014,0.014
2,14,12/3/2025,14:17:49,14:37:49,0.01,0.011,0.011,0.011,0.011
2,14,12/3/2025,14:17:51,14:37:51,0.011,0.011,0.011,0.011,0.011
2,14,12/3/2025,14:17:53,14:37:53,0.012,0.012,0.013,0.014,0.015
2,14,12/3/2025,14:17:55,14:37:55,0.011,0.011,0.012,0.017,0.025
2,14,12/3/2025,14:17:57,14:37:57,0.011,0.011,0.011,0.011,0.011
2,14,12/3/2025,14:17:59,14:37:59,0.012,0.012,0.013,0.013,0.013
2,14,12/3/2025,14:18:01,14:38:01,0.012,0.012,0.013,0.013,0.021
2,14,12/3/2025,14:18:03,14:38:03,0.012,0.012,0.012,0.015,0.019
2,14,12/3/2025,14:18:05,14:38:05,0.011,0.011,0.011,0.011,0.024
2,14,12/3/2025,14:18:07,14:38:07,0.011,0.011,0.011,0.011,0.011
2,14,12/3/2025,14:18:09,14:38:09,0.012,0.012,0.012,0.014,0.014
2,14,12/3/2025,14:18:11,14:38:11,0.013,0.013,0.013,0.014,0.048
2,14,12/3/2025,14:18:13,14:38:13,0.012,0.012,0.013,0.013,0.028
2,14,12/3/2025,14:18:15,14:38:15,0.012,0.012,0.013,0.016,0.016
2,14,12/3/2025,14:18:17,14:38:17,0.012,0.012,0.012,0.013,0.013
2,14,12/3/2025,14:18:19,14:38:19,0.011,0.011,0.012,0.013,0.013
2,14,12/3/2025,14:18:21,14:38:21,0.011,0.011,0.011,0.012,0.012
2,14,12/3/2025,14:18:23,14:38:23,0.012,0.012,0.013,0.013,0.013
2,14,12/3/2025,14:18:25,14:38:25,0.012,0.012,0.013,0.013,0.013
2,14,12/3/2025,14:18:27,14:38:27,0.012,0.012,0.014,0.016,0.016
2,14,12/3/2025,14:18:29,14:38:29,0.011,0.011,0.011,0.017,0.025
2,14,12/3/2025,14:18:31,14:38:31,0.011,0.011,0.012,0.012,0.012
2,14,12/3/2025,14:18:33,14:38:33,0.012,0.012,0.012,0.013,0.013
2,14,12/3/2025,14:18:35,14:38:35,0.015,0.015,0.015,0.017,0.017
2,10,12/3/2025,14:21:44,14:41:44,0.01,0.01,0.01,0.011,0.029
2,10,12/3/2025,14:21:46,14:41:46,0.01,0.01,0.01,0.011,0.018
2,10,12/3/2025,14:21:48,14:41:48,0.009,0.009,0.01,0.01,0.01
2,10,12/3/2025,14:21:50,14:41:50,0.011,0.011,0.011,0.011,0.012
2,10,12/3/2025,14:21:52,14:41:52,0.011,0.011,0.011,0.012,0.036
2,10,12/3/2025,14:21:54,14:41:54,0.012,0.012,0.013,0.016,0.016
2,10,12/3/2025,14:21:56,14:41:56,0.012,0.012,0.013,0.015,0.016
2,10,12/3/2025,14:21:58,14:41:58,0.014,0.014,0.014,0.017,0.034
2,10,12/3/2025,14:22:00,14:42:00,0.011,0.011,0.012,0.014,0.014
2,10,12/3/2025,14:22:02,14:42:02,0.013,0.013,0.014,0.017,0.017
2,10,12/3/2025,14:22:04,14:42:04,0.012,0.012,0.012,0.016,0.016
2,10,12/3/2025,14:22:06,14:42:06,0.012,0.012,0.013,0.015,0.015
2,10,12/3/2025,14:22:08,14:42:08,0.01,0.01,0.011,0.011,0.011
2,10,12/3/2025,14:22:10,14:42:10,0.011,0.011,0.011,0.011,0.011
2,10,12/3/2025,14:22:12,14:42:12,0.01,0.01,0.01,0.01,0.01
2,10,12/3/2025,14:22:14,14:42:14,0.01,0.01,0.011,0.011,0.011
2,10,12/3/2025,14:22:16,14:42:16,0.011,0.011,0.011,0.011,0.011
2,10,12/3/2025,14:22:18,14:42:18,0.011,0.011,0.012,0.012,0.012
2,10,12/3/2025,14:22:20,14:42:20,0.011,0.011,0.011,0.011,0.011
2,10,12/3/2025,14:22:22,14:42:22,0.012,0.012,0.012,0.015,0.015
2,10,12/3/2025,14:22:24,14:42:24,0.011,0.011,0.012,0.013,0.013
2,10,12/3/2025,14:22:26,14:42:26,0.013,0.013,0.013,0.014,0.014
2,10,12/3/2025,14:22:28,14:42:28,0.011,0.011,0.011,0.017,0.017
2,10,12/3/2025,14:22:30,14:42:30,0.012,0.012,0.012,0.012,0.013
2,10,12/3/2025,14:22:32,14:42:32,0.013,0.013,0.013,0.014,0.029
2,10,12/3/2025,14:22:34,14:42:34,0.012,0.012,0.013,0.019,0.019
2,10,12/3/2025,14:22:36,14:42:36,0.012,0.012,0.013,0.016,0.016
2,10,12/3/2025,14:22:38,14:42:38,0.012,0.012,0.013,0.013,0.013
2,10,12/3/2025,14:22:40,14:42:40,0.012,0.012,0.012,0.012,0.012
2,10,12/3/2025,14:22:42,14:42:42,0.012,0.012,0.013,0.015,0.015
2,5,12/3/2025,14:23:54,14:43:54,0.011,0.011,0.011,0.019,0.019
2,5,12/3/2025,14:23:56,14:43:56,0.009,0.009,0.009,0.013,0.013
2,5,12/3/2025,14:23:58,14:43:58,0.011,0.011,0.012,0.014,0.014
2,5,12/3/2025,14:24:00,14:44:00,0.01,0.01,0.01,0.01,0.01
2,5,12/3/2025,14:24:02,14:44:02,0.01,0.01,0.011,0.011,0.011
2,5,12/3/2025,14:24:04,14:44:04,0.011,0.011,0.012,0.012,0.012
2,5,12/3/2025,14:24:06,14:44:06,0.011,0.011,0.011,0.011,0.011
2,5,12/3/2025,14:24:08,14:44:08,0.011,0.011,0.012,0.012,0.012
2,5,12/3/2025,14:24:10,14:44:10,0.011,0.011,0.012,0.012,0.012
2,5,12/3/2025,14:24:12,14:44:12,0.01,0.011,0.011,0.011,0.011
2,5,12/3/2025,14:24:14,14:44:14,0.012,0.012,0.012,0.013,0.013
2,5,12/3/2025,14:24:16,14:44:16,0.013,0.013,0.014,0.014,0.015
2,5,12/3/2025,14:24:18,14:44:18,0.011,0.011,0.011,0.012,0.027
2,5,12/3/2025,14:24:20,14:44:20,0.011,0.011,0.011,0.011,0.011
2,5,12/3/2025,14:24:22,14:44:22,0.011,0.011,0.011,0.013,0.013
2,5,12/3/2025,14:24:24,14:44:24,0.012,0.012,0.012,0.013,0.013
2,5,12/3/2025,14:24:26,14:44:26,0.012,0.012,0.013,0.013,0.013
2,5,12/3/2025,14:24:28,14:44:28,0.012,0.012,0.012,0.012,0.012
2,5,12/3/2025,14:24:30,14:44:30,0.012,0.012,0.012,0.012,0.012
2,5,12/3/2025,14:24:32,14:44:32,0.011,0.011,0.011,0.011,0.011
2,5,12/3/2025,14:24:34,14:44:34,0.011,0.011,0.011,0.012,0.012
2,5,12/3/2025,14:24:36,14:44:36,0.012,0.012,0.012,0.012,0.012
2,5,12/3/2025,14:24:38,14:44:38,0.012,0.012,0.012,0.013,0.013
2,5,12/3/2025,14:24:40,14:44:40,0.012,0.012,0.012,0.012,0.012
2,5,12/3/2025,14:24:42,14:44:42,0.012,0.012,0.012,0.012,0.012
2,5,12/3/2025,14:24:44,14:44:44,0.012,0.012,0.012,0.012,0.012
2,5,12/3/2025,14:24:46,14:44:46,0.012,0.012,0.013,0.014,0.014
2,5,12/3/2025,14:24:48,14:44:48,0.012,0.012,0.013,0.014,0.014
2,5,12/3/2025,14:24:50,14:44:50,0.012,0.012,0.013,0.016,0.016
2,5,12/3/2025,14:24:52,14:44:52,0.013,0.013,0.013,0.017,0.017
2,2,12/3/2025,14:26:09,14:46:09,0.013,0.013,0.014,0.017,0.03
2,2,12/3/2025,14:26:11,14:46:11,0.014,0.014,0.015,0.016,0.071
2,2,12/3/2025,14:26:13,14:46:13,0.01,0.01,0.011,0.011,0.011
2,2,12/3/2025,14:26:15,14:46:15,0.011,0.011,0.012,0.013,0.013
2,2,12/3/2025,14:26:17,14:46:17,0.022,0.022,0.022,0.024,0.066
2,2,12/3/2025,14:26:19,14:46:19,0.022,0.022,0.022,0.025,0.102
2,2,12/3/2025,14:26:21,14:46:21,0.018,0.018,0.018,0.024,0.024
2,2,12/3/2025,14:26:23,14:46:23,0.013,0.013,0.013,0.015,0.016
2,2,12/3/2025,14:26:25,14:46:25,0.014,0.014,0.014,0.015,0.041
2,2,12/3/2025,14:26:27,14:46:27,0.011,0.012,0.012,0.013,0.013
2,2,12/3/2025,14:26:29,14:46:29,0.013,0.013,0.013,0.013,0.013
2,2,12/3/2025,14:26:31,14:46:31,0.013,0.013,0.013,0.014,0.019
2,2,12/3/2025,14:26:33,14:46:33,0.012,0.012,0.012,0.012,0.014
2,2,12/3/2025,14:26:35,14:46:35,0.012,0.012,0.012,0.012,0.012
2,2,12/3/2025,14:26:37,14:46:37,0.013,0.013,0.014,0.015,0.015
2,2,12/3/2025,14:26:39,14:46:39,0.014,0.014,0.015,0.015,0.015
2,2,12/3/2025,14:26:41,14:46:41,0.013,0.013,0.014,0.014,0.014
2,2,12/3/2025,14:26:43,14:46:43,0.012,0.012,0.013,0.013,0.013
2,2,12/3/2025,14:26:45,14:46:45,0.013,0.013,0.013,0.013,0.013
2,2,12/3/2025,14:26:47,14:46:47,0.012,0.012,0.012,0.013,0.013
2,2,12/3/2025,14:26:49,14:46:49,0.012,0.012,0.013,0.013,0.013
2,2,12/3/2025,14:26:51,14:46:51,0.014,0.014,0.015,0.016,0.018
2,2,12/3/2025,14:26:53,14:46:53,0.014,0.014,0.014,0.016,0.051
2,2,12/3/2025,14:26:55,14:46:55,0.012,0.012,0.012,0.012,0.012
2,2,12/3/2025,14:26:57,14:46:57,0.013,0.013,0.014,0.014,0.014
2,2,12/3/2025,14:26:59,14:46:59,0.012,0.012,0.013,0.014,0.016
2,2,12/3/2025,14:27:01,14:47:01,0.015,0.015,0.016,0.017,0.056
2,2,12/3/2025,14:27:03,14:47:03,0.016,0.016,0.016,0.019,0.019
2,2,12/3/2025,14:27:05,14:47:05,0.013,0.013,0.014,0.016,0.016
2,2,12/3/2025,14:27:07,14:47:07,0.012,0.012,0.012,0.012,0.012
